attack_id,name,tier,group,selection_reasons,guard_disabled,dodge_bypass,airborne_avoidance,parry_disabled,bullet_ids,behavior_ids,animation_associations,npc_row_count,map_npc_model_count,vanilla_flag_changes,priority_band
21,[AOW] Hoarfrost Stomp Bullet,U,Unapproved screening result,name,0,0,0,0,2268,,,0,0,{},
100202,,U,Unapproved screening result,small-floor-probe,0,0,0,0,100202;100203,100202;100200,c0000:30000@0.333;c0000:30000@0.400;c0000:30000@0.433;c0000:30000@0.467;c0000:30000@0.500;c0000:30000@0.533;c0000:30000@0.567;c0000:30000@0.600;c0000:30000@0.633;c0000:30000@0.667;c0000:30000@0.733;c0000:30000@0.767;c0000:30000@0.867;c0000:41150@0.600,88,572,{},
280000,[SACRED] Lava Damage,U,Unapproved screening result,airborne-avoidance,0,1,1,0,,280000,c0000:30000@0.333;c0000:30000@0.400;c0000:30000@0.433;c0000:30000@0.467;c0000:30000@0.500;c0000:30000@0.533;c0000:30000@0.567;c0000:30000@0.600;c0000:30000@0.633;c0000:30000@0.667;c0000:30000@0.733;c0000:30000@0.767;c0000:30000@0.867;c0000:41150@0.600,88,572,{},
280001,[Torrent] Attack,U,Unapproved screening result,airborne-avoidance,0,1,1,0,,280001,c0000:30000@0.333;c0000:30000@0.400;c0000:30000@0.433;c0000:30000@0.467;c0000:30000@0.500;c0000:30000@0.533;c0000:30000@0.567;c0000:30000@0.600;c0000:30000@0.633;c0000:30000@0.667;c0000:30000@0.733;c0000:30000@0.767;c0000:30000@0.867;c0000:41150@0.600,88,572,{},
280100,,U,Unapproved screening result,airborne-avoidance,0,1,1,0,,280100,c0000:30000@0.333;c0000:30000@0.400;c0000:30000@0.433;c0000:30000@0.467;c0000:30000@0.500;c0000:30000@0.533;c0000:30000@0.567;c0000:30000@0.600;c0000:30000@0.633;c0000:30000@0.667;c0000:30000@0.733;c0000:30000@0.767;c0000:30000@0.867;c0000:41150@0.600,88,572,{},
2010271,[Blaidd the Half-Wolf] Bullet,U,Unapproved screening result,small-short-enemy-bullet,0,0,0,1,2010271,220100271,,18,13,{},
2010280,[Blaidd the Half-Wolf] Bullet,U,Unapproved screening result,small-short-enemy-bullet,1,0,0,1,2010280,220100280,,18,13,{},
2030110,[Rennala] Bullet,U,Unapproved screening result,small-short-enemy-bullet,0,0,0,1,2030130,220300130,,4,2,{},
2031155,[Rennala - 2] Bullet,U,Unapproved screening result,small-short-enemy-bullet,0,0,0,1,2031155;2031156;2031157;2031158,220310155,,4,1,{},
2031180,[Rennala - 2] Bullet,U,Unapproved screening result,small-short-enemy-bullet,0,0,0,1,2031181;2031182;2031184;2031186,220310180;220310183;220310185,,4,1,{},
2031181,[Rennala - 2] Bullet,U,Unapproved screening result,small-short-enemy-bullet,0,0,0,1,2031187,220310180;220310183;220310185,,4,1,{},
2040140,[Juvenile Scholar] Bullet - Floating Furniture,U,Unapproved screening result,small-short-enemy-bullet,0,0,0,1,2040143,220400140,,14,7,{},
2041130,[Kindred of Rot Larva] Body Slam,U,Unapproved screening result,name,0,0,0,1,,220410130,,3,3,{},
2100170,[Black Knife Assassin],U,Unapproved screening result,airborne-avoidance,0,0,1,1,,221000170,c2100:3007@1.967,14,10,{},
2100171,[Black Knife Assassin],U,Unapproved screening result,airborne-avoidance,0,0,1,1,,221000171,c2100:3008@0.333,14,10,{},
2100220,[Black Knife Assassin],U,Unapproved screening result,airborne-avoidance,0,0,1,1,,221000220,c2100:3012@1.533,14,10,{},
2110100,[Beast Clergyman] Bullet - Bestial Sling,U,Unapproved screening result,small-short-enemy-bullet,0,0,0,1,2110100;2110101;2110480,221100100;221100101;221100480,c2110:3000@1.867;c2110:3001@1.233;c2110:3002@1.033;c2110:3004@1.667;c2110:3038@0.700,8,3,{},
2110150,[Beast Clergyman] Bullet - Beast Claw,A,Beast Clergyman Beast Claw,small-floor-probe;small-short-enemy-bullet,0,0,0,1,2110152;2110158,221100150;221100155,c2110:3005@2.733;c2110:3006@0.767,8,3,{},P1
2110151,[Beast Clergyman] Bullet - Beast Claw,U,Unapproved screening result,small-short-enemy-bullet,0,0,0,1,2110150;2110151;2110155;2110156;2110250;2110251;2110252;2110253;2110550;2110551;2110552;2110553,221100150;221100155;221100250;221100550,c2110:3005@2.733;c2110:3006@0.767;c2110:3015@2.333,8,3,{},
2110250,[Beast Clergyman] Bullet,U,Unapproved screening result,small-short-enemy-bullet,0,0,0,1,2110254;2110554,221100250;221100550,c2110:3015@2.333,8,3,{},
2110400,[SACRED][Maliketh] Bullet,U,Unapproved screening result,small-short-enemy-bullet,0,1,0,1,2110451;2110452;2110453;2110456;2110457;2110458,221100451;221100452;221100453,c2110:1003030@1.200;c2110:1003030@2.300;c2110:1003030@3.633;c2110:1003031@1.167;c2110:1003035@0.800;c2110:1003035@2.333;c2110:1003035@3.300;c2110:1003038@1.433,8,3,"{""isDisableNoDamage"":{""vanilla"":0,""sovereign"":1}}",
2110403,[SACRED][Maliketh],U,Unapproved screening result,small-short-enemy-bullet,0,1,0,1,2110476;2110479,221100403;221100475,c2110:1003037@1.400;c2110:1003037@1.500;c2110:20010@1.067;c2110:20010@1.133;c2110:20011@0.900;c2110:20011@0.967,8,3,"{""isDisableNoDamage"":{""vanilla"":0,""sovereign"":1}}",
2110421,[SACRED][Maliketh] Bullet,U,Unapproved screening result,small-short-enemy-bullet,0,1,0,1,2110421;2110422;2110432;2110442,221100421;221100432;221100442;221100431,c2110:1003032@3.267,8,3,"{""isDisableNoDamage"":{""vanilla"":0,""sovereign"":1}}",
2120100,[SACRED][Malenia],U,Unapproved screening result,small-short-enemy-bullet,0,1,0,1,200090100,221200100,c2120:1003000@1.233;c2120:1003004@1.533;c2120:1003026@1.533;c2120:3000@1.133,9,2,"{""isDisableNoDamage"":{""vanilla"":0,""sovereign"":1}}",
2120300,[SACRED][Malenia] Kick,U,Unapproved screening result,small-short-enemy-bullet,0,1,0,1,200090300,221200300,c2120:3020@0.967,9,2,"{""isDisableNoDamage"":{""vanilla"":0,""sovereign"":1}}",
2120643,[SACRED][Malenia] Bullet,U,Unapproved screening result,small-short-enemy-bullet,0,1,0,1,2120643,221200640,c2120:3004@1.100;c2120:3006@3.300;c2120:3016@1.867,9,2,"{""isDisableNoDamage"":{""vanilla"":0,""sovereign"":1}}",
2120652,[SACRED][Malenia] Bullet,U,Unapproved screening result,small-short-enemy-bullet,0,1,0,1,2120652,221200650,c2120:3037@0.900,9,2,"{""isDisableNoDamage"":{""vanilla"":0,""sovereign"":1}}",
2120720,[SACRED][Malenia] Bullet,U,Unapproved screening result,small-floor-probe;small-short-enemy-bullet,0,1,0,1,2120622;2120623;2120624,221200620,,9,2,"{""isDisableNoDamage"":{""vanilla"":0,""sovereign"":1}}",
2130175,[Morgott] Bullet - Puddle Explosion,U,Unapproved screening result,small-short-enemy-bullet,0,0,0,1,2130167;2130177,221300165;221300175,c2130:1003004@2.100;c2130:1003006@2.433;c2130:1003007@2.033;c2130:1003008@2.867;c2130:1003013@1.967;c2130:1003019@2.033;c2130:1003020@2.667;c2130:1003025@1.500;c2130:1003026@6.400;c2130:1003031@2.000;c2130:1003032@2.233;c2130:1003035@2.900;c2130:1020006@1.933,5,3,{},
2130191,[Morgott] Bullet,U,Unapproved screening result,small-short-enemy-bullet,0,0,0,1,2130193,221300191;221300197;221300198,c2130:1003008@2.767;c2130:3008@2.767;c2130:3009@1.033;c2130:3009@2.033,5,3,{},
2130341,[Morgott] Phase Shift Puddle Explosion,U,Unapproved screening result,small-short-enemy-bullet,0,0,0,1,2130343,221300341;221300345,c2130:3024@4.533,5,3,{},
2130480,[Morgott] Bullet,U,Unapproved screening result,airborne-avoidance;small-short-enemy-bullet,0,0,1,1,2130480,221300480,c2130:1003007@2.000;c2130:1003019@2.000;c2130:1003020@2.667;c2130:1003026@6.400;c2130:2003013@2.000;c2130:3007@2.000;c2130:3019@2.000;c2130:3020@2.667;c2130:3026@6.400,5,3,{},
2130580,[Margit] Thrust Slam,U,Unapproved screening result,name,0,0,0,1,,221300580,c2130:2003008@1.600,5,3,{},
2130730,[Margit] Thrust Slam,U,Unapproved screening result,name,0,0,0,1,,221300730,c2130:2003023@1.600,5,3,{},
2130771,[Margit] Bullet - Hammer Jump,C,Margit hammer impact,airborne-avoidance;small-short-enemy-bullet,0,0,1,1,2130771,221300771,c2130:1003031@1.933;c2130:2003026@4.300;c2130:2003027@1.933;c2130:3031@1.933,5,3,{},
2130790,[Margit] Floating Thrust Slam,U,Unapproved screening result,name,0,0,0,1,,221300790,c2130:2003029@1.733,5,3,{},
2140510,[Omen] Bullet,U,Unapproved screening result,small-short-enemy-bullet,0,0,0,1,2140510,221400510,,42,22,{},
2140511,[Omen] Bullet,U,Unapproved screening result,small-short-enemy-bullet,0,0,0,1,2140511;2140512;2140513;2140514;2140522;2140523;2140530;205040009;205040010;205040011;205040012;205040013;205040014,221400511;221400512;221400513;221400514;221400530;250400237;250400238;250400239;250400250;250400251;250400252;250400236;221400520;250400235,,61,33,{},
2140520,[Omen] Bullet,U,Unapproved screening result,small-short-enemy-bullet,0,0,0,1,2140521;205040008,250400236;221400520;250400235,,61,33,{},
2150020,[Lightning Ball],U,Unapproved screening result,small-short-enemy-bullet,0,0,0,1,2150012;2150013;2150014;2150015,221500010,,11,9,{},
2180100,[Melina] Bullet,D,Ally and holy-seeker false positives,small-short-enemy-bullet,0,0,0,1,2180104,221800100,c2180:3000@0.833,5,1,{},
2190161,[Radagon] Bullet,A,Radagon compact gravity-probe waves,airborne-avoidance;small-short-enemy-bullet,0,0,1,1,2190163,221900161,c2190:3006@1.633,2,1,{},P1
2190201,[Radagon] Bullet,B,Radagon wider gravity-probe wave,airborne-avoidance;small-short-enemy-bullet,0,0,1,1,2190203,221900201,c2190:3010@1.367,2,1,{},P3
2190245,[Radagon] Bullet,U,Unapproved screening result,airborne-avoidance,0,0,1,1,2190245,221900245,c2190:3014@3.033;c2190:3017@1.367;c2190:3033@1.367,2,1,{},
2190251,[Radagon] Bullet - Holy Spear AoE,U,Unapproved screening result,airborne-avoidance;small-short-enemy-bullet,0,0,1,1,2190251,221900250,c2190:3015@1.633;c2190:3035@0.900,2,1,{},
2190260,[Radagon] Stomp AoE Small,C,Radagon ground/hammer bursts,airborne-avoidance;name,0,0,1,1,,221900260,c2190:3016@0.800,2,1,{},
2190261,[Radagon] Stomp AoE Large,C,Radagon ground/hammer bursts,airborne-avoidance;name,0,0,1,1,2190265,221900265,c2190:3016@0.800,2,1,{},
2190281,[Radagon] Bullet - Flying Holy Slam,A,Radagon compact gravity-probe waves,airborne-avoidance;name;small-short-enemy-bullet,0,0,1,1,2190283,221900281,c2190:3018@3.500,2,1,{},P1
2190291,[Radagon] Bullet,C,Radagon travelling holy-floor components,airborne-avoidance;small-short-enemy-bullet,0,0,1,1,2190291,221900291,c2190:3019@2.233,2,1,{},
2190292,[Radagon] Bullet,B,Radagon delayed floor detonations,airborne-avoidance;small-short-enemy-bullet,0,0,1,1,2190296,221900292,c2190:3019@2.200,2,1,{},P3
2190311,[Radagon] Bullet - Spear Placed Explode,U,Unapproved screening result,small-short-enemy-bullet,0,0,0,1,2190311,221900310,c2190:20005@1.667;c2190:3022@1.667;c2190:3034@1.667;c2190:3036@2.133,2,1,{},
2190312,[Radagon] Bullet - Spear Placed Linger,U,Unapproved screening result,airborne-avoidance,0,0,1,1,2190313,221900310,c2190:20005@1.667;c2190:3022@1.667;c2190:3034@1.667;c2190:3036@2.133,2,1,{},
2190331,[Radagon] Bullet - Small Spear Explode,U,Unapproved screening result,small-short-enemy-bullet,0,0,0,1,2190332;2190342,221900330;221900340,c2190:3020@0.800;c2190:3024@0.567;c2190:3025@0.633,2,1,{},
2190361,[Radagon] Bullet - Small Spear Explode,U,Unapproved screening result,small-short-enemy-bullet,0,0,0,1,2190362;2190367,221900360;221900365,c2190:3027@2.667;c2190:3027@2.700;c2190:3027@2.767,2,1,{},
2190371,[Radagon] Bullet - Holy Ground Floor,C,Radagon travelling holy-floor components,airborne-avoidance;name;small-short-enemy-bullet,0,0,1,1,2190371,221900371,c2190:3028@3.267,2,1,{},
2190372,[Radagon] Bullet - Holy Ground Floor,B,Radagon delayed floor detonations,airborne-avoidance;name;small-short-enemy-bullet,0,0,1,1,2190376,221900372,c2190:3028@3.267,2,1,{},P3
2190381,[Radagon] Bullet - Holy Ground Floor,C,Radagon travelling holy-floor components,airborne-avoidance;name;small-short-enemy-bullet,0,0,1,1,2190381,221900381,c2190:3029@3.300,2,1,{},
2190382,[Radagon] Bullet - Holy Ground Floor,B,Radagon delayed floor detonations,airborne-avoidance;name;small-short-enemy-bullet,0,0,1,1,2190386,221900382;221900401,c2190:3029@3.267,2,1,{},P3
2190391,[Radagon] Bullet - Large Spear Impact,U,Unapproved screening result,airborne-avoidance;small-short-enemy-bullet,0,0,1,1,2190391,221900390,c2190:3030@2.633,2,1,{},
2190420,[Radagon] Bullet - Holy Stomp Attack,C,Radagon ground/hammer bursts,airborne-avoidance;name,0,0,1,1,2190425,221900425,c2190:3031@1.600,2,1,{},
2190430,[Radagon] Bullet - Shattering Ground,U,Unapproved screening result,name,0,0,0,1,2190430;2190440;2190450,221900430;221900440;221900450,c2190:3037@2.267;c2190:3037@4.133;c2190:3037@7.933,2,1,{},
2190440,[Radagon] Bullet - Shattering Ground 2,U,Unapproved screening result,name;small-short-enemy-bullet,0,0,0,1,2190433;2190435;2190443;2190452,221900451;221900430;221900440,c2190:3037@2.267;c2190:3037@4.133;c2190:3037@7.933,2,1,{},
2190510,[Radagon] Bullet - Hammer Shockwave,C,Radagon ground/hammer bursts,airborne-avoidance;name;small-short-enemy-bullet,0,0,1,1,2190510,221900510,c2190:20004@1.333;c2190:3002@1.333;c2190:3003@1.667;c2190:3008@1.000,2,1,{},
2190520,[Radagon] Bullet - Hammer Holy Shockwave,C,Radagon ground/hammer bursts,airborne-avoidance;name;small-short-enemy-bullet,0,0,1,1,2190521,221900520,c2190:20004@1.333;c2190:3002@1.333;c2190:3003@1.667;c2190:3008@1.000;c2190:3009@2.300,2,1,{},
2190530,[Radagon] Bullet - Shattering AoE,C,Radagon ground/hammer bursts,airborne-avoidance,0,0,1,1,2190530,221900530,c2190:3037@2.267;c2190:3037@4.133;c2190:3037@7.933,2,1,{},
2200100,[Elden Beast] Bullet - Hand Slam Explosion,U,Unapproved screening result,name,0,0,0,1,2200100,222000100,c2200:3000@1.600,2,1,{},
2200221,[Elden Beast] Bullet - Swipe Wave Explode 1,U,Unapproved screening result,name,0,0,0,1,2200226,222000221;222000222,c2200:3012@2.967;c2200:3029@1.667;c2200:3029@3.600,2,1,{},
2200222,[Elden Beast] Bullet - Swipe Wave Explode 2,U,Unapproved screening result,name,0,0,0,1,2200227,222000223;222000224,c2200:3012@3.200,2,1,{},
2200392,[Elden Beast] Bullet,U,Unapproved screening result,small-short-enemy-bullet,0,0,0,1,2200397,222000390,c2200:3032@3.500,2,1,{},
2200420,[Elden Beast] Bullet - Ring Push,C,Elden Beast ring push,airborne-avoidance,0,0,1,1,2200422,222000420,c2200:3035@8.600;c2200:3036@11.167;c2200:3036@7.967;c2200:3036@9.467,2,1,{},
2270250,[Giant Crab] Bullet,U,Unapproved screening result,small-short-enemy-bullet,1,0,0,1,2270250,222700250,,23,31,{},
2270260,[Giant Crab] Bullet,U,Unapproved screening result,small-short-enemy-bullet,1,0,0,1,2270260,222700260,,23,31,{},
2500180,[Crucible Knight] Bullet - Stomp,U,Unapproved screening result,name;small-short-enemy-bullet,0,0,0,1,2500180,225000180,c2500:3008@0.800,34,20,{},
2500182,[Crucible Knight] Bullet,A,Crucible Knight foot waves,airborne-avoidance;small-floor-probe;small-short-enemy-bullet,1,1,1,1,2500182,225000182;225000181;225000180,c2500:3008@0.800,34,20,"{""disableGuard"":{""vanilla"":0,""sovereign"":1},""isDisableNoDamage"":{""vanilla"":0,""sovereign"":1}}",P1
2500210,[Crucible Knight] Bullet - Fire Breath,U,Unapproved screening result,small-short-enemy-bullet,0,0,0,1,2500210,225000210,c2500:3016@1.500,34,20,{},
2500220,[Crucible Knight] Bullet - Fire Breath Back,U,Unapproved screening result,airborne-avoidance,0,0,1,1,2500220,225000220,c2500:3018@1.733,34,20,{},
2500221,[Crucible Knight] Bullet - Fire Breath Back,U,Unapproved screening result,small-short-enemy-bullet,0,0,0,1,2500221,225000221;225000220,c2500:3018@1.733,34,20,{},
2500222,[Crucible Knight] Bullet - Fire Breath Back,U,Unapproved screening result,airborne-avoidance;small-short-enemy-bullet,0,0,1,1,2500222,225000222;225000221;225000220,c2500:3018@1.733,34,20,{},
2500240,[Crucible Knight] Bullet,U,Unapproved screening result,airborne-avoidance;small-short-enemy-bullet,0,0,1,1,2500240,225000240,c2500:3022@1.067;c2500:3023@1.067,34,20,{},
2500250,[Crucible Knight] Bullet,U,Unapproved screening result,small-short-enemy-bullet,0,0,0,1,2500250,225000250,c2500:3025@1.000,34,20,{},
2500252,[Crucible Knight] Bullet,A,Crucible Knight foot waves,airborne-avoidance;small-floor-probe;small-short-enemy-bullet,0,0,1,1,2500252,225000252;225000251;225000250,c2500:3025@1.000,34,20,{},P1
2500271,[Crucible Knight] Bullet,U,Unapproved screening result,airborne-avoidance;small-short-enemy-bullet,0,0,1,1,2500271,225000271,c2500:3028@2.667,34,20,{},
2500440,[Crucible Knight] Bullet,U,Unapproved screening result,small-short-enemy-bullet,0,0,0,1,2500440,225000440,c2500:1003004@0.767,34,20,{},
2500442,[Crucible Knight] Bullet,A,Crucible Knight foot waves,airborne-avoidance;small-floor-probe;small-short-enemy-bullet,0,0,1,1,2500442,225000442;225000441;225000440,c2500:1003004@0.767,34,20,{},P1
2500481,[Crucible Knight] Bullet,U,Unapproved screening result,small-short-enemy-bullet,0,0,0,1,2500481,225000481,c2500:1003008@2.667,34,20,{},
2500501,[Crucible Knight] Bullet,U,Unapproved screening result,small-short-enemy-bullet,0,0,0,1,2500501,225000501,c2500:1003011@2.567,34,20,{},
2500590,[Crucible Knight] Bullet,U,Unapproved screening result,small-short-enemy-bullet,0,0,0,1,2500590,225000590,c2500:1003022@0.933,34,20,{},
2500592,[Crucible Knight] Bullet,A,Crucible Knight foot waves,airborne-avoidance;small-floor-probe;small-short-enemy-bullet,0,0,1,1,2500592,225000592;225000591;225000590,c2500:1003022@0.933,34,20,{},P1
2500610,[Crucible Knight] Bullet,U,Unapproved screening result,airborne-avoidance;small-short-enemy-bullet,0,0,1,1,2500610,225000610,c2500:1003024@1.033;c2500:1003025@1.033,34,20,{},
3000120,[Exile Soldier] Bullet - Firebomb,U,Unapproved screening result,small-short-enemy-bullet,0,0,0,1,3000120;3000121,230000120;230000140,,56,22,{},
3000425,[Exile Soldier] Bullet,U,Unapproved screening result,small-short-enemy-bullet,0,1,0,1,3000425,230000425,,56,22,{},
3000440,[Exile Soldier] Bullet - Firebomb,U,Unapproved screening result,small-short-enemy-bullet,0,0,0,1,3000440;3000441,230000440,,56,22,{},
3010135,[Banished Knight] Bullet,U,Unapproved screening result,small-short-enemy-bullet,0,0,0,1,3010135,230100135,,53,17,{},
3010136,[Banished Knight] Bullet,U,Unapproved screening result,small-short-enemy-bullet,0,0,0,1,3010136,230100136,,53,17,{},
3010185,[Banished Knight] Bullet,U,Unapproved screening result,small-short-enemy-bullet,0,0,0,1,3010185,230100185,,53,17,{},
3010225,[Banished Knight] Bullet,U,Unapproved screening result,small-short-enemy-bullet,0,0,0,1,3010225,230100225,,53,17,{},
3010226,[Banished Knight] Bullet,U,Unapproved screening result,small-short-enemy-bullet,0,0,0,1,3010226,230100226,,53,17,{},
3010235,[Banished Knight] Bullet,U,Unapproved screening result,small-short-enemy-bullet,0,0,0,1,3010235,230100235,,53,17,{},
3010245,[Banished Knight] Bullet,U,Unapproved screening result,small-short-enemy-bullet,0,0,0,1,3010245,230100245,,53,17,{},
3010255,[Banished Knight] Bullet,U,Unapproved screening result,small-short-enemy-bullet,0,0,0,1,3010255,230100255,,53,17,{},
3010280,[Banished Knight] Bullet,U,Unapproved screening result,small-short-enemy-bullet,0,0,0,1,3010280;3010281,230100280,,53,17,{},
3010525,[Banished Knight] Bullet,U,Unapproved screening result,small-short-enemy-bullet,0,0,0,1,3010525,230100525,,53,17,{},
3010795,[Banished Knight] Bullet,U,Unapproved screening result,small-short-enemy-bullet,0,0,0,0,3010795,230100795,,53,17,{},
3010815,[Banished Knight] Bullet,U,Unapproved screening result,small-short-enemy-bullet,0,0,0,0,3010815,230100815,,53,17,{},
3010820,[Banished Knight] Bullet,U,Unapproved screening result,small-short-enemy-bullet,0,0,0,1,3010820,230100820,,53,17,{},
3010845,[Banished Knight] Bullet,U,Unapproved screening result,small-short-enemy-bullet,0,0,0,0,3010845,230100845,,53,17,{},
3010847,[Banished Knight] Bullet,U,Unapproved screening result,small-short-enemy-bullet,0,0,0,0,3010847,230100847,,53,17,{},
3010850,[Banished Knight] Bullet,U,Unapproved screening result,small-short-enemy-bullet,0,0,0,1,3010850,230100850,,53,17,{},
3010875,[Banished Knight] Bullet,U,Unapproved screening result,small-short-enemy-bullet,0,0,0,0,3010875,230100875,,53,17,{},
3010877,[Banished Knight] Bullet,U,Unapproved screening result,small-short-enemy-bullet,0,0,0,0,3010877,230100877,,53,17,{},
3010885,[Banished Knight] Bullet,U,Unapproved screening result,small-short-enemy-bullet,0,0,0,1,3010885,230100885,,53,17,{},
3010925,[Banished Knight] Bullet,U,Unapproved screening result,small-short-enemy-bullet,0,0,0,1,3010925,230100925,,53,17,{},
3050195,[Commander] Lightning AoE,U,Unapproved screening result,airborne-avoidance,0,0,1,0,,230500195,c3050:3009@1.833;c3050:3016@1.567;c3050:3017@1.833;c3050:3022@1.433,5,2,{},
3050235,[Commander] Lightning AoE,U,Unapproved screening result,airborne-avoidance,0,0,1,0,,230500235,c3050:3013@1.867,5,2,{},
3050245,[Commander] Lightning AoE,U,Unapproved screening result,airborne-avoidance,0,0,1,0,,230500245,c3050:3014@1.367,5,2,{},
3050255,[Commander] Lightning AoE,U,Unapproved screening result,airborne-avoidance,0,0,1,0,,230500255,c3050:3015@3.900,5,2,{},
3061500,[Giant Beast Skeleton] Bullet,U,Unapproved screening result,small-short-enemy-bullet,0,0,0,0,3061500,230610500,,4,2,{},
3070201,[Dominula Celebrant] Bullet,U,Unapproved screening result,small-short-enemy-bullet,0,0,0,1,3070201,230700201;230700200,,12,11,{},
3070202,[Dominula Celebrant] Bullet,U,Unapproved screening result,small-short-enemy-bullet,0,0,0,1,3070202,230700202;230700201;230700200,,12,11,{},
3070203,[Dominula Celebrant] Bullet,U,Unapproved screening result,small-short-enemy-bullet,0,0,0,1,3070203,230700203;230700202;230700201;230700200,,12,11,{},
3070211,[Dominula Celebrant] Bullet,U,Unapproved screening result,small-short-enemy-bullet,0,0,0,1,3070211,230700211;230700210,,12,11,{},
3070900,[Dominula Celebrant] Bullet,U,Unapproved screening result,small-short-enemy-bullet,0,1,0,1,3070900,230700900,,12,11,{},
3080130,[Imp] Bullet,U,Unapproved screening result,small-short-enemy-bullet,0,0,0,1,3080130;3080131;205870130;205870131,230800230;258700230,c3080:3017@1.700;c5870:3017@1.700,89,56,{},
3080131,[Imp] Bullet,U,Unapproved screening result,airborne-avoidance;small-short-enemy-bullet,0,0,1,0,3080132;3080133;3080134;3080135;3080136;205870132;205870133;205870134;205870135;205870136,230800230;258700230,c3080:3017@1.700;c5870:3017@1.700,89,56,{},
3100140,[Elemer of the Briar] Grab,U,Unapproved screening result,small-short-enemy-bullet,0,0,0,1,3100420;3100421,231000140;231000420,c3100:3008@2.200,6,5,{},
3100272,[Elemer of the Briar] S1,U,Unapproved screening result,small-short-enemy-bullet,0,0,0,1,3100272,231000273;231000272,c3100:3024@0.833;c3100:3024@0.900,6,5,{},
3100400,[Elemer of the Briar] Shield Slam Ground AoE,B,Elemer shield-ground AoE,name,0,0,0,1,,231000400,c3100:3003@2.200;c3100:3010@1.233;c3100:3021@1.267,6,5,{},
3150501,[Night's Cavalry] Horse Summon Shockwave,U,Unapproved screening result,name,1,0,0,1,,231500501,c3150:20009@1.567;c3150:20009@1.600;c3150:20009@1.633;c3150:20009@1.667;c3150:20009@1.700;c3150:20009@1.733;c3150:20009@1.767;c3150:20009@1.800;c3150:20009@1.833;c3150:20009@1.867;c3150:20009@1.900;c3150:3025@1.567;c3150:3025@1.600;c3150:3025@1.633;c3150:3025@1.667;c3150:3025@1.700;c3150:3025@1.733;c3150:3025@1.767;c3150:3025@1.800;c3150:3025@1.833;c3150:3025@1.867;c3150:3025@1.900,13,10,{},
3150510,[Night's Cavalry] Bullet,U,Unapproved screening result,small-short-enemy-bullet,0,0,0,1,3150510,231500510,,13,10,{},
3170900,[Albinauric Archer] Bullet,U,Unapproved screening result,small-short-enemy-bullet,0,0,0,1,3170011;3170031;3170211;3170231;3170251;3170271;3170291;3170371;3170391;3170500;3170501;3170502;3170503;3170504;3170550;3170551;3170560;3170561,231700111;231700131;231700311;231700331;231700351;231700371;231700391;231700471;231700491;231700500;231700501;231700502;231700503,,8,6,{},
3180055,[Dog] Bullet,U,Unapproved screening result,small-short-enemy-bullet,0,0,0,1,3180056,231800155,,6,5,{},
3200000,[Nomadic Merchant] Bullet,U,Unapproved screening result,small-short-enemy-bullet,0,0,0,1,3200000;3200001;3200002;3200010;3200011;3200400;3200401;3200410;3200411,232000100;232000110;232000500;232000510,,55,22,{},
3200001,[Nomadic Merchant] Bullet,U,Unapproved screening result,small-short-enemy-bullet,0,0,0,1,3200003,232000100,,55,22,{},
3200011,[Nomadic Merchant] Bullet,U,Unapproved screening result,small-short-enemy-bullet,0,0,0,1,3200013,232000110,,55,22,{},
3200401,[Nomadic Merchant] Bullet,U,Unapproved screening result,small-short-enemy-bullet,0,0,0,1,3200403,232000500,,55,22,{},
3200411,[Nomadic Merchant] Bullet,U,Unapproved screening result,small-short-enemy-bullet,0,0,0,1,3200413,232000510,,55,22,{},
3250141,[Draconic Tree Sentinel] Bullet - Slam AoE,C,Draconic Tree Sentinel impacts,airborne-avoidance;name;small-short-enemy-bullet,0,0,1,1,3250141,232500141,c3250:3004@1.533,4,2,{},
3250161,[Draconic Tree Sentinel] Bullet,U,Unapproved screening result,airborne-avoidance,0,0,1,1,3250161,232500161,c3250:3006@2.867,4,2,{},
3250181,[Draconic Tree Sentinel] Bullet,C,Draconic Tree Sentinel impacts,airborne-avoidance;small-short-enemy-bullet,0,0,1,1,3250181,232500181,c3250:3010@1.800,4,2,{},
3250201,[Draconic Tree Sentinel] Bullet - Fireball AoE,U,Unapproved screening result,airborne-avoidance;small-short-enemy-bullet,0,0,1,1,3250201,232500201;232500200,c3250:3015@1.233,4,2,{},
3250211,[Draconic Tree Sentinel] Bullet - Down Fireball AoE,U,Unapproved screening result,airborne-avoidance;small-short-enemy-bullet,0,0,1,1,3250211,232500211;232500210,c3250:3016@1.333,4,2,{},
3250291,[Draconic Tree Sentinel] Bullet,C,Draconic Tree Sentinel impacts,airborne-avoidance;small-short-enemy-bullet,0,0,1,1,3250291,232500291,c3250:3025@0.767,4,2,{},
3250301,[Draconic Tree Sentinel] Bullet,C,Draconic Tree Sentinel impacts,airborne-avoidance;small-short-enemy-bullet,0,0,1,1,3250301,232500301,c3250:3026@1.333,4,2,{},
3250311,[Draconic Tree Sentinel] Bullet,U,Unapproved screening result,airborne-avoidance;small-short-enemy-bullet,0,0,1,1,3250311,232500311,c3250:3029@1.367,4,2,{},
3250321,[Draconic Tree Sentinel] Bullet,U,Unapproved screening result,airborne-avoidance;small-short-enemy-bullet,0,0,1,1,3250321,232500321;232500320,c3250:3031@1.233,4,2,{},
3250341,[Draconic Tree Sentinel] Bullet,U,Unapproved screening result,airborne-avoidance;small-short-enemy-bullet,0,0,1,1,3250341,232500341,c3250:3034@1.267,4,2,{},
3250441,[Draconic Tree Sentinel] Bullet,U,Unapproved screening result,small-short-enemy-bullet,0,0,0,1,3250441,232500441,c3250:1003004@1.533,4,2,{},
3250461,[Draconic Tree Sentinel] Bullet,U,Unapproved screening result,small-short-enemy-bullet,0,0,0,1,3250461,232500461,c3250:1003010@1.800,4,2,{},
3250471,[Draconic Tree Sentinel] Bullet,U,Unapproved screening result,small-short-enemy-bullet,0,0,0,1,3250471,232500471,c3250:1003025@0.767,4,2,{},
3250481,[Draconic Tree Sentinel] Bullet,U,Unapproved screening result,small-short-enemy-bullet,0,0,0,1,3250481,232500481,c3250:1003026@1.333,4,2,{},
3250493,[Draconic Tree Sentinel] Bullet,U,Unapproved screening result,small-short-enemy-bullet,0,0,0,1,3250493,232500493;232500492;232500491,c3250:1003028@1.800,4,2,{},
3250501,[Draconic Tree Sentinel] Bullet,U,Unapproved screening result,small-short-enemy-bullet,0,0,0,1,3250501,232500501,c3250:1003029@1.367,4,2,{},
3250512,[Draconic Tree Sentinel] Bullet,U,Unapproved screening result,small-short-enemy-bullet,0,0,0,1,3250512,232500512;232500511;232500510;232500514;232500515,c3250:1003030@2.167;c3250:1003030@2.267;c3250:1003030@2.367;c3250:3030@2.167;c3250:3030@2.267;c3250:3030@2.367,4,2,{},
3250513,[Draconic Tree Sentinel] Bullet - Homing Lightning Damage,U,Unapproved screening result,small-short-enemy-bullet,0,0,0,1,3250513,232500513;232500512;232500511;232500510;232500514;232500515,c3250:1003030@2.167;c3250:1003030@2.267;c3250:1003030@2.367;c3250:3030@2.167;c3250:3030@2.267;c3250:3030@2.367,4,2,{},
3250514,[Draconic Tree Sentinel] Bullet,U,Unapproved screening result,small-short-enemy-bullet,0,1,0,1,3250514,232500514,c3250:1003030@2.267;c3250:3030@2.267,4,2,{},
3250515,[Draconic Tree Sentinel] Bullet,U,Unapproved screening result,small-short-enemy-bullet,0,1,0,1,3250515,232500515,c3250:1003030@2.367;c3250:3030@2.367,4,2,{},
3250531,[Draconic Tree Sentinel] Bullet,U,Unapproved screening result,small-short-enemy-bullet,0,0,0,1,3250531,232500531,c3250:1003034@1.267,4,2,{},
3250551,[Draconic Tree Sentinel] Bullet - Spread Lightning Damage,U,Unapproved screening result,small-short-enemy-bullet,0,0,0,1,3250551,232500551;232500550,c3250:1003038@1.867;c3250:3038@1.867,4,2,{},
3250552,[Draconic Tree Sentinel] Bullet - Spread Lightning Damage,U,Unapproved screening result,small-short-enemy-bullet,0,0,0,1,3250552,232500552;232500551;232500550,c3250:1003038@1.867;c3250:3038@1.867,4,2,{},
3251141,[Tree Sentinel] Bullet,C,Tree Sentinel local impacts,airborne-avoidance;small-short-enemy-bullet,0,0,1,1,3251141,232510141,c3251:3004@1.333,7,3,{},
3251161,[Tree Sentinel] Bullet,B,Tree Sentinel halberd impact bursts,airborne-avoidance;small-short-enemy-bullet,0,0,1,1,3251161,232510161,c3251:3006@1.233,7,3,{},
3251241,[Tree Sentinel] Bullet - Huge Shield AoE,C,Tree Sentinel local impacts,airborne-avoidance,0,0,1,1,3251241,232510241,c3251:3014@2.333,7,3,{},
3251271,[Tree Sentinel] Bullet - Huge Shield AoE,C,Tree Sentinel local impacts,airborne-avoidance,0,0,1,1,3251271,232510271,c3251:3017@1.600,7,3,{},
3251281,[Tree Sentinel] Bullet,B,Tree Sentinel halberd impact bursts,airborne-avoidance;small-short-enemy-bullet,0,0,1,1,3251281,232510281,c3251:3018@1.833,7,3,{},
3251451,[Tree Sentinel] Bullet,B,Tree Sentinel halberd impact bursts,airborne-avoidance;small-short-enemy-bullet,0,0,1,1,3251451,232510451,c3251:3037@1.900,7,3,{},
3251910,[Tree Sentinel] Bullet,U,Unapproved screening result,small-short-enemy-bullet,0,0,0,1,3251910,232510910,c3251:1008200@0.167;c3251:1100@0.200;c3251:1101@0.000;c3251:3023@0.000;c3251:3023@0.600;c3251:3023@1.200;c3251:3023@1.800;c3251:3023@2.400;c3251:30@0.000;c3251:30@0.667;c3251:30@1.333;c3251:30@2.000;c3251:30@2.667;c3251:5020@0.000;c3251:5020@0.667;c3251:5021@0.000;c3251:5021@0.667;c3251:5022@0.000;c3251:5022@0.667;c3251:5023@0.000;c3251:5023@0.667;c3251:8200@0.000;c3251:8200@0.667;c3251:8200@1.333;c3251:8200@2.000;c3251:8200@2.667;c3251:8220@0.000;c3251:8220@0.667;c3251:8220@1.333;c3251:8220@2.000;c3251:8220@2.667,7,3,{},
3251911,[Tree Sentinel] Bullet,U,Unapproved screening result,small-short-enemy-bullet,0,0,0,1,3251911,232510911;232510910;232510915,c3251:1008200@0.167;c3251:1100@0.200;c3251:1100@0.533;c3251:1101@0.000;c3251:1101@0.333;c3251:3023@0.000;c3251:3023@0.300;c3251:3023@0.600;c3251:3023@0.900;c3251:3023@1.200;c3251:3023@1.500;c3251:3023@1.800;c3251:3023@2.100;c3251:3023@2.400;c3251:3023@2.700;c3251:30@0.000;c3251:30@0.333;c3251:30@0.667;c3251:30@1.000;c3251:30@1.333;c3251:30@1.667;c3251:30@2.000;c3251:30@2.333;c3251:30@2.667;c3251:30@3.000;c3251:5020@0.000;c3251:5020@0.333;c3251:5020@0.667;c3251:5021@0.000;c3251:5021@0.333;c3251:5021@0.667;c3251:5022@0.000;c3251:5022@0.333;c3251:5022@0.667;c3251:5022@1.000;c3251:5023@0.000;c3251:5023@0.333;c3251:5023@0.667;c3251:5023@1.000;c3251:8200@0.000;c3251:8200@0.333;c3251:8200@0.667;c3251:8200@1.000;c3251:8200@1.333;c3251:8200@1.667;c3251:8200@2.000;c3251:8200@2.333;c3251:8200@2.667;c3251:8200@3.000;c3251:8220@0.000;c3251:8220@0.333;c3251:8220@0.667;c3251:8220@1.000;c3251:8220@1.333;c3251:8220@1.667;c3251:8220@2.000;c3251:8220@2.333;c3251:8220@2.667;c3251:8220@3.000,7,3,{},
3251913,[Tree Sentinel] Bullet,U,Unapproved screening result,small-short-enemy-bullet,0,0,0,1,3251913,232510913;1045;232510912;232510911;232510910;232510915,c3251:1008200@0.167;c3251:1100@0.200;c3251:1100@0.533;c3251:1101@0.000;c3251:1101@0.333;c3251:3023@0.000;c3251:3023@0.300;c3251:3023@0.600;c3251:3023@0.900;c3251:3023@1.200;c3251:3023@1.500;c3251:3023@1.800;c3251:3023@2.100;c3251:3023@2.400;c3251:3023@2.700;c3251:30@0.000;c3251:30@0.333;c3251:30@0.667;c3251:30@1.000;c3251:30@1.333;c3251:30@1.667;c3251:30@2.000;c3251:30@2.333;c3251:30@2.667;c3251:30@3.000;c3251:5020@0.000;c3251:5020@0.333;c3251:5020@0.667;c3251:5021@0.000;c3251:5021@0.333;c3251:5021@0.667;c3251:5022@0.000;c3251:5022@0.333;c3251:5022@0.667;c3251:5022@1.000;c3251:5023@0.000;c3251:5023@0.333;c3251:5023@0.667;c3251:5023@1.000;c3251:8200@0.000;c3251:8200@0.333;c3251:8200@0.667;c3251:8200@1.000;c3251:8200@1.333;c3251:8200@1.667;c3251:8200@2.000;c3251:8200@2.333;c3251:8200@2.667;c3251:8200@3.000;c3251:8220@0.000;c3251:8220@0.333;c3251:8220@0.667;c3251:8220@1.000;c3251:8220@1.333;c3251:8220@1.667;c3251:8220@2.000;c3251:8220@2.333;c3251:8220@2.667;c3251:8220@3.000,7,3,{},
3251915,[Tree Sentinel] Bullet,U,Unapproved screening result,small-short-enemy-bullet,0,0,0,1,3251915,232510915,c3251:1100@0.533;c3251:1101@0.333;c3251:3023@0.300;c3251:3023@0.900;c3251:3023@1.500;c3251:3023@2.100;c3251:3023@2.700;c3251:30@0.333;c3251:30@1.000;c3251:30@1.667;c3251:30@2.333;c3251:30@3.000;c3251:5020@0.333;c3251:5021@0.333;c3251:5022@0.333;c3251:5022@1.000;c3251:5023@0.333;c3251:5023@1.000;c3251:8200@0.333;c3251:8200@1.000;c3251:8200@1.667;c3251:8200@2.333;c3251:8200@3.000;c3251:8220@0.333;c3251:8220@1.000;c3251:8220@1.667;c3251:8220@2.333;c3251:8220@3.000,7,3,{},
3252351,[Fallen Tree Sentinel] Bullet,U,Unapproved screening result,small-short-enemy-bullet,0,0,0,1,3252351,232520351;232520350,,4,2,{},
3252361,[Fallen Tree Sentinel] Bullet,U,Unapproved screening result,small-short-enemy-bullet,0,0,0,1,3252361,232520361;232520360,,4,2,{},
3252471,[Fallen Tree Sentinel] Bullet,U,Unapproved screening result,small-short-enemy-bullet,0,0,0,1,3252471,232520471;232520470,,4,2,{},
3252473,[Fallen Tree Sentinel] Bullet,U,Unapproved screening result,small-short-enemy-bullet,0,0,0,1,3252473,232520473;232520472,,4,2,{},
3252481,[Fallen Tree Sentinel] Bullet,U,Unapproved screening result,small-short-enemy-bullet,0,0,0,1,3252481,232520481;232520480,,4,2,{},
3252483,[Fallen Tree Sentinel] Bullet,U,Unapproved screening result,small-short-enemy-bullet,0,0,0,1,3252483,232520483;232520482,,4,2,{},
3300140,[Nox Swordstress 1],U,Unapproved screening result,airborne-avoidance,0,0,1,1,,233000140,c3300:1003004@0.700;c3300:3002@1.267;c3300:3004@1.300;c3300:3011@1.633;c3300:3012@0.933;c3300:4003010@1.533;c3300:4003015@1.067,5,3,{},
3300141,[Nox Swordstress 1],U,Unapproved screening result,airborne-avoidance,0,0,1,1,,233000141,c3300:1003004@1.200;c3300:3005@2.133;c3300:4003015@1.667,5,3,{},
3320130,[Silver Tear] Bullet,U,Unapproved screening result,small-short-enemy-bullet,0,0,0,1,3320130,233200130,c3320:2010000@2.900;c3320:2011011@2.600;c3320:3010@3.433,21,11,{},
3320131,[Silver Tear] Bullet,U,Unapproved screening result,small-short-enemy-bullet,0,0,0,1,3320132;3320133;3320134;3320135,233200130;255000130,c3320:2010000@2.900;c3320:2011011@2.600;c3320:3010@3.433;c5500:2010000@2.900;c5500:2011011@2.600;c5500:3010@3.433,57,20,{},
3320150,[Silver Tear],U,Unapproved screening result,airborne-avoidance,0,0,1,1,,233200150,c3320:1800@0.000;c3320:7000@0.000,21,11,{},
3350420,[Crystalian] Bullet,U,Unapproved screening result,small-short-enemy-bullet,0,0,0,1,3350420,233500420,,31,18,{},
3350425,[Crystalian] Bullet,U,Unapproved screening result,small-short-enemy-bullet,0,0,0,1,3350425,233500425,,31,18,{},
3360490,[Ancestral Follower] Bullet - Rot Breath,U,Unapproved screening result,small-short-enemy-bullet,0,0,0,1,3360490,233600490,,69,24,{},
3360500,[Ancestral Follower] Bullet,U,Unapproved screening result,small-short-enemy-bullet,0,0,0,1,3360500,233600500,,69,24,{},
3370120,[Ancestral Follower Shaman] Bullet,U,Unapproved screening result,airborne-avoidance,0,0,1,0,3370131,233700120;233700130,c3370:3002@1.467;c3370:3005@1.533;c3370:3006@1.500,11,4,{},
3370141,[Ancestral Follower Shaman] Bullet,U,Unapproved screening result,small-short-enemy-bullet,0,1,0,1,3370141,233700141,c3370:3003@1.833,11,4,{},
3400350,[Grave Warden Duelist] AoE,B,Duelist hammer-ground contacts,airborne-avoidance,0,0,1,1,,234000350,c3400:1003005@2.400,27,9,{},
3400351,[Grave Warden Duelist] AoE,B,Duelist hammer-ground contacts,airborne-avoidance,0,0,1,1,,234000351,c3400:1003005@2.467,27,9,{},
3400360,[Grave Warden Duelist] AoE,U,Unapproved screening result,airborne-avoidance,0,0,1,1,,234000360,c3400:1003007@4.367,27,9,{},
3400370,[Grave Warden Duelist] Bullet,U,Unapproved screening result,airborne-avoidance;small-short-enemy-bullet,0,0,1,1,3400370,234000370,c3400:3006@3.733,27,9,{},
3400380,[Grave Warden Duelist] Bullet - AoE,U,Unapproved screening result,airborne-avoidance;small-short-enemy-bullet,0,0,1,1,3400380,234000380,c3400:1003011@2.167,27,9,{},
3400850,[Grave Warden Duelist] AoE,U,Unapproved screening result,airborne-avoidance,0,0,1,1,,234000850,c3400:1003005@2.400,27,9,{},
3400851,[Grave Warden Duelist] AoE,U,Unapproved screening result,airborne-avoidance,0,0,1,1,,234000851,c3400:1003005@2.467,27,9,{},
3400860,[Grave Warden Duelist] AoE,U,Unapproved screening result,airborne-avoidance,0,0,1,1,,234000860,c3400:1003007@4.367,27,9,{},
3400870,,U,Unapproved screening result,airborne-avoidance,0,0,1,1,,,,0,0,{},
3400880,,U,Unapproved screening result,airborne-avoidance,0,0,1,1,,,,0,0,{},
3451141,[Misbegotten 2] AoE,U,Unapproved screening result,airborne-avoidance,0,0,1,1,3451141,234510141,,14,12,{},
3460150,[Winged Misbegotten] Bullet - Roar,U,Unapproved screening result,small-short-enemy-bullet,0,0,0,1,3460150,234600150,c3460:3007@0.867,10,7,{},
3460180,[Winged Misbegotten] Stomp,B,Misbegotten foot stomp,airborne-avoidance;name,0,0,1,1,,234600180,c3460:3011@0.700,10,7,{},
3460201,[Winged Misbegotten] Bullet - Jump Shockwave,U,Unapproved screening result,name;small-short-enemy-bullet,0,0,0,1,3460201,234600201,c3460:3024@1.333,10,7,{},
3470190,[Albinauric] Bullet,U,Unapproved screening result,small-short-enemy-bullet,0,0,0,0,3470190,234700190,,54,69,{},
3500350,[Skeleton (Curved Sword)] Bullet,U,Unapproved screening result,small-short-enemy-bullet,0,0,0,1,3500353,235000450,,91,103,{},
3500810,[Skeleton (Curved Sword)] Bullet,U,Unapproved screening result,small-short-enemy-bullet,0,0,0,1,3500810,235000910,,91,103,{},
3510090,[Skeleton (Scimitar)] Bullet,U,Unapproved screening result,small-short-enemy-bullet,0,0,0,1,3510091,235100090,,53,26,{},
3510700,[Skeleton (Scimitar)] Bullet,U,Unapproved screening result,small-short-enemy-bullet,0,0,0,1,3510700;3510702,235100700;235100701,,53,26,{},
3550292,[Sanguine Noble] Bullet,U,Unapproved screening result,airborne-avoidance,1,0,1,0,3550295,235500290,c3550:3019@1.067;c3550:3027@0.733,6,4,{},
3560243,[Godskin Apostle] Bullet - Stretch Fire Spin Fire,U,Unapproved screening result,small-short-enemy-bullet,0,0,0,1,3560243,235600243;235600242,,9,6,{},
3560261,[Godskin Apostle] Bullet,U,Unapproved screening result,small-short-enemy-bullet,0,0,0,1,3560261,235600261;235600260,,9,6,{},
3570191,[Godskin Noble] Bullet - Rapier Slam AoE,B,Godskin Noble rapier ground burst,airborne-avoidance;name;small-short-enemy-bullet,0,0,1,1,3570191,235700191,c3570:3009@1.733;c3570:3012@1.000;c3570:3012@2.267;c3570:3013@1.733;c3570:3031@1.733,6,4,{},
3570260,[Godskin Noble] Floating Slam Land,D,Separate body and weapon contacts,name,1,0,0,1,,235700260,c3570:3016@4.000,6,4,{},
3570261,[Godskin Noble] Bullet - Floating Slam Knockaway,U,Unapproved screening result,name,0,0,0,1,3570261,235700261,c3570:3016@1.467,6,4,{},
3570262,[Godskin Noble] Bullet - Floating Slam AoE Damage,C,Godskin Noble landing wave,airborne-avoidance;name,0,0,1,1,3570262,235700262,c3570:3016@4.033,6,4,{},
3570270,[Godskin Noble] Roll Start Slam,U,Unapproved screening result,name,0,0,0,1,,235700270,c3570:3020@2.933,6,4,{},
3570300,[Godskin Noble] Bullet - Fire Circle,U,Unapproved screening result,small-short-enemy-bullet,0,0,0,1,3570300,235700300,c3570:3026@1.067,6,4,{},
3570311,[Godskin Noble] Bullet,U,Unapproved screening result,small-short-enemy-bullet,0,0,0,1,3570311,235700311;235700310,c3570:3027@1.733,6,4,{},
3570420,[Godskin Noble] Bullet - Belly Quick Fire,U,Unapproved screening result,small-short-enemy-bullet,0,0,0,1,3570420,235700420,c3570:3028@0.433,6,4,{},
3570421,[Godskin Noble] Bullet - Belly Quick Fire,U,Unapproved screening result,small-short-enemy-bullet,0,0,0,1,3570421,235700421;235700420,c3570:3028@0.433,6,4,{},
3600372,[Alabaster Lord] Bullet - Meteor,U,Unapproved screening result,small-short-enemy-bullet,0,0,0,1,3600373;3600374;3600860;3600861,236000373;236000372;236000371;236000810;236000820;236000830;236000840;236000850,,10,8,{},
3600420,[Alabaster Lord] Bullet - Gravity Orb Push,U,Unapproved screening result,small-short-enemy-bullet,0,0,0,1,3600420,236000420,,10,8,{},
3610150,[Oracle Envoy] Bullet,U,Unapproved screening result,small-short-enemy-bullet,0,0,0,1,3610152,236100150,,4,2,{},
3620160,[Oracle Envoy (Large)] Bullet,U,Unapproved screening result,small-short-enemy-bullet,0,0,0,1,3620163,236200160,,3,2,{},
3630111,[Oracle Envoy (Giant)] Attack,U,Unapproved screening result,airborne-avoidance,0,0,1,1,,236300111,c3630:3001@1.067,2,1,{},
3630121,[Oracle Envoy (Giant)] Attack,U,Unapproved screening result,airborne-avoidance,0,0,1,1,,236300121,c3630:3002@2.167,2,1,{},
3630131,[Oracle Envoy (Giant)] Attack,U,Unapproved screening result,airborne-avoidance,0,0,1,1,,236300131,c3630:3003@1.500;c3630:3003@3.267;c3630:3003@4.133;c3630:3003@6.233,2,1,{},
3630141,[Oracle Envoy (Giant)] Attack,U,Unapproved screening result,airborne-avoidance,0,0,1,1,,236300141,c3630:3004@1.667;c3630:3004@2.567;c3630:3004@3.200,2,1,{},
3630143,[Oracle Envoy (Giant)] Attack,U,Unapproved screening result,airborne-avoidance,0,0,1,1,,236300143,,2,1,{},
3650410,[Guardian] Bullet,D,Small mouth and torso false positives,small-short-enemy-bullet,0,0,0,0,3650410,236500410,c3650:3031@1.033,17,16,{},
3650800,[Guardian] Bullet,U,Unapproved screening result,small-short-enemy-bullet,0,0,0,0,3650800,236500800,,17,16,{},
3650900,[Guardian] Bullet - Spiked Sowrdspear AoE,B,Guardian swordspear impact pulses,airborne-avoidance;small-short-enemy-bullet,0,0,1,0,3650900,236500900,c3650:1003000@2.300;c3650:1003001@2.100;c3650:1003002@2.000;c3650:1003003@2.100;c3650:1003004@1.033;c3650:1003005@1.300;c3650:1003006@1.933;c3650:1003007@2.233;c3650:1003016@1.767,17,16,{},
3660191,[Gostoc] Bullet,U,Unapproved screening result,small-short-enemy-bullet,0,0,0,1,3660191,236600191;236600190;236600240;236600280,,80,55,{},
3660201,[Gostoc] Bullet,U,Unapproved screening result,small-short-enemy-bullet,0,0,0,1,3660201,236600201;236600200;236600250;236600290,,80,55,{},
3660220,[Gostoc] Bullet,U,Unapproved screening result,small-short-enemy-bullet,0,0,0,1,3660220,236600220,,80,55,{},
3660320,[Gostoc] Bullet,U,Unapproved screening result,small-short-enemy-bullet,0,0,0,1,3660320,236600320,,80,55,{},
3660322,[Gostoc] Bullet,U,Unapproved screening result,small-short-enemy-bullet,0,0,0,1,3660322,236600322;236600321;236600320;236600323,,80,55,{},
3660323,[Gostoc] Bullet,U,Unapproved screening result,small-short-enemy-bullet,0,0,0,1,3660323,236600323,,80,55,{},
3661926,[Putrid Corpse 1] Bullet,U,Unapproved screening result,small-short-enemy-bullet,0,0,0,0,3661926,236610926,,42,34,{},
3661927,[Putrid Corpse 1] Bullet,U,Unapproved screening result,small-short-enemy-bullet,0,0,0,0,3661927,236610927,,42,34,{},
3662926,[Putrid Corpse 2] Bullet,U,Unapproved screening result,small-short-enemy-bullet,0,0,0,0,3662926,236620926,,27,9,{},
3662927,[Putrid Corpse 2] Bullet,U,Unapproved screening result,small-short-enemy-bullet,0,0,0,0,3662927,236620927,,27,9,{},
3700190,[Depraved Perfumer] Bullet,U,Unapproved screening result,small-short-enemy-bullet,0,0,0,1,3700110;3700170;3700171;3700172;3700190;3700191,237000110;237000170;237000171;237000172,c3700:2003001@0.900;c3700:2003007@0.700;c3700:2003007@1.100;c3700:3002@1.000;c3700:3003001@0.867;c3700:3003011@3.267;c3700:3007@1.267;c3700:3007@1.300;c3700:3007@1.333;c3700:3021@1.300;c3700:3021@1.333;c3700:3021@1.367,20,11,{},
3700290,[Depraved Perfumer] Bullet,U,Unapproved screening result,small-short-enemy-bullet,0,0,0,1,3700500;3700501;3700502;3700503;3700510;3700511;3700512;3700520;3700530;3700531;3700532;3700540;3700560;3700580;3700581;3700582;3700583;3700584;3700585;3700586;3700587;3700630;3700631;3700632;3700633;3700640;3700641;3700642;3700643;3700644;3700645;3700646;3700647;3700648;3700650;3700700;3700710;3700720;3700730;3700740,237000500;237000501;237000502;237000503;237000510;237000511;237000512;237000520;237000530;237000531;237000532;237000540;237000560;237000580;237000581;237000582;237000583;237000584;237000585;237000586;237000587;237000630;237000631;237000632;237000633;237000640;237000641;237000642;237000643;237000644;237000645;237000646;237000647;237000648;237000700;237000710;237000720;237000730;237000740,c3700:1003011@1.400;c3700:1003012@0.767;c3700:1003022@0.500;c3700:1003022@1.033;c3700:1003023@1.100;c3700:1003028@0.833;c3700:1003029@0.967;c3700:3017@1.033;c3700:3017@1.100;c3700:3017@1.167;c3700:3017@1.233;c3700:3017@1.300;c3700:3017@1.367;c3700:3017@1.433;c3700:3017@1.500;c3700:3017@1.567;c3700:3025@1.300;c3700:3025@1.333;c3700:3025@1.367;c3700:3030@0.500;c3700:3030@0.533;c3700:3030@0.600;c3700:3030@0.633;c3700:3031@1.267;c3700:3031@1.300;c3700:3031@1.333;c3700:3032@1.100;c3700:3033@1.067;c3700:3033@1.100;c3700:3033@1.133;c3700:3033@1.167;c3700:3033@1.200;c3700:3033@1.233;c3700:3033@1.267;c3700:3033@1.300;c3700:3034@1.233;c3700:3034@1.267;c3700:3034@1.300;c3700:3035@1.333;c3700:3035@1.367;c3700:3035@1.400;c3700:3036@0.600;c3700:3038@0.933;c3700:3038@0.967;c3700:3038@1.000;c3700:3038@1.033,20,11,{},
3700570,[Depraved Perfumer] Bullet,U,Unapproved screening result,airborne-avoidance,0,0,1,1,3700570,237000570,c3700:3020@2.200,20,11,{},
3700573,[Depraved Perfumer] Bullet,U,Unapproved screening result,small-short-enemy-bullet,0,0,0,1,3700573,1132,,20,11,{},
3702200,[Glintstone Sorcerer] Bullet,U,Unapproved screening result,small-short-enemy-bullet,0,0,0,1,3702203;3702204;3702205;3702206;3702207,237020200,,27,25,{},
3702210,[Glintstone Sorcerer] Bullet,U,Unapproved screening result,small-short-enemy-bullet,0,0,0,1,3702213;3702214;3702215;3702216;3702217,237020210,,27,25,{},
3702401,[Glintstone Sorcerer] Bullet,U,Unapproved screening result,small-short-enemy-bullet,0,0,0,1,3702410;3702411;3702412,237020410;237020411;237020412,,27,25,{},
3702402,[Glintstone Sorcerer] Bullet,U,Unapproved screening result,small-short-enemy-bullet,0,0,0,1,3702402;3702404,237020402;237020404,,27,25,{},
3703200,[Page] Bullet,U,Unapproved screening result,small-short-enemy-bullet,0,0,0,1,3703200;3703202,237030200,,14,10,{},
3704181,[Battlemage] Bullet,U,Unapproved screening result,small-short-enemy-bullet,0,0,0,1,3704181,237040181,,8,5,{},
3704191,[Battlemage] Bullet,U,Unapproved screening result,small-short-enemy-bullet,0,0,0,1,3704191,237040191,,8,5,{},
3730110,[Graven School] Bullet,D,Graven School long-lived shared damage,small-short-enemy-bullet,0,0,0,1,3730110;3730111;3730112,237300110,c3730:3000@2.000;c3730:3000@4.333;c3730:3000@4.667,11,10,{},
3750241,[Clayman] Bullet,U,Unapproved screening result,small-short-enemy-bullet,0,0,0,1,3750241,237500241;237500240,,14,10,{},
3750321,[Clayman] Bullet,U,Unapproved screening result,small-short-enemy-bullet,0,0,0,1,3750321,237500321;237500320,,14,10,{},
3750331,[Clayman] Bullet,U,Unapproved screening result,small-short-enemy-bullet,0,0,0,1,3750331,237500331;237500330,,14,10,{},
3750341,[Clayman] Bullet,U,Unapproved screening result,small-short-enemy-bullet,0,0,0,1,3750341,237500341;237500340,,14,10,{},
3750351,[Clayman] Bullet,U,Unapproved screening result,small-short-enemy-bullet,0,0,0,1,3750351,237500351;237500350,,14,10,{},
3800284,[Cleanrot Knight] Bullet - Phalanx,U,Unapproved screening result,small-short-enemy-bullet,0,0,0,1,3800284,238000280;238000281,,21,17,{},
3850070,[Marionette] Bullet - Fire Pot,U,Unapproved screening result,small-short-enemy-bullet,0,0,0,1,3850070;3850071,238500170,,26,46,{},
3850075,[Marionette] Bullet - Fire Pot,U,Unapproved screening result,small-short-enemy-bullet,0,0,0,1,3850075;3850076,238500171,,26,46,{},
3850080,[Marionette] Bullet - Magic Pot,U,Unapproved screening result,small-short-enemy-bullet,0,0,0,1,3850080;3850081,238500172,,26,46,{},
3850085,[Marionette] Bullet - Magic Pot,U,Unapproved screening result,small-short-enemy-bullet,0,0,0,1,3850085;3850086,238500173,,26,46,{},
3850310,[Marionette] Bullet - Moon Ball,U,Unapproved screening result,small-short-enemy-bullet,0,0,0,1,3850312,238500410,,26,46,{},
3850320,[Marionette] Bullet - Moon Ball,U,Unapproved screening result,small-short-enemy-bullet,0,0,0,1,3850322,238500420,,26,46,{},
3860170,[Avionette] Bullet - Fire Pot,U,Unapproved screening result,small-short-enemy-bullet,0,0,0,1,3860170;3860171;3860175;3860176;3860270;3860271;3860275;3860276,238600170;238600175;238600270;238600275,c3860:1003030@0.967;c3860:1003030@1.667;c3860:1003031@1.333;c3860:1003031@2.333;c3860:3030@0.967;c3860:3030@1.667;c3860:3031@1.033;c3860:3031@1.333;c3860:3031@1.633;c3860:3031@2.367;c3860:3031@2.500,31,12,{},
3860400,[Avionette] Bullet - Lightning Pot,U,Unapproved screening result,small-short-enemy-bullet,0,0,0,1,3860400;3860401;3860405,238600400;238600401,c3860:1003028@0.967;c3860:1003028@1.667;c3860:1003029@1.333;c3860:1003029@2.333;c3860:3028@0.967;c3860:3028@1.667;c3860:3029@1.033;c3860:3029@1.333;c3860:3029@1.633;c3860:3029@2.367;c3860:3029@2.500,31,12,{},
3860405,[Avionette] Bullet - Lightning Pot Aftershock,U,Unapproved screening result,name;small-short-enemy-bullet,0,0,0,1,3860406;3860407;3860408;3860409;3860410;3860411,238600400;238600401,c3860:1003028@0.967;c3860:1003028@1.667;c3860:1003029@1.333;c3860:1003029@2.333;c3860:3028@0.967;c3860:3028@1.667;c3860:3029@1.033;c3860:3029@1.333;c3860:3029@1.633;c3860:3029@2.367;c3860:3029@2.500,31,12,{},
3860450,[Avionette] Bullet - Volcano Pot,U,Unapproved screening result,small-short-enemy-bullet,0,0,0,1,3860450;3860451,238600450,c3860:4003000@0.433,31,12,{},
3860452,[Avionette] Bullet - Volcano Pot Magma,U,Unapproved screening result,airborne-avoidance,1,0,1,1,3860453,238600450,c3860:4003000@0.433,31,12,{},
3900131,[Fire Monk 1] Bullet - Hammer Slam Fire,U,Unapproved screening result,name;small-short-enemy-bullet,0,0,0,1,3900131,239000131,c3900:2003003@2.000;c3900:3003@2.000,8,8,{},
3900200,[Fire Monk 1] Bullet,U,Unapproved screening result,small-short-enemy-bullet,0,0,0,1,3900200,239000200,c3900:1003010@0.833;c3900:1003016@0.833;c3900:2003012@1.533;c3900:2003018@0.867;c3900:2003020@0.833;c3900:2003029@0.833;c3900:3003010@0.833;c3900:3003012@1.533;c3900:3003016@0.833;c3900:3003029@0.833;c3900:3012@1.533;c3900:3018@0.867;c3900:3020@0.833;c3900:3029@0.833,8,8,{},
3900201,[Fire Monk 1] Bullet,U,Unapproved screening result,small-short-enemy-bullet,0,0,0,1,3900201,239000201;239000200,c3900:1003010@0.833;c3900:1003016@0.833;c3900:2003012@1.533;c3900:2003018@0.867;c3900:2003020@0.833;c3900:2003029@0.833;c3900:3003010@0.833;c3900:3003012@1.533;c3900:3003016@0.833;c3900:3003029@0.833;c3900:3012@1.533;c3900:3018@0.867;c3900:3020@0.833;c3900:3029@0.833,8,8,{},
3900210,[Fire Monk 1] Bullet,U,Unapproved screening result,small-short-enemy-bullet,0,0,0,1,3900210,239000210,c3900:2003013@2.000;c3900:3003013@2.000;c3900:3013@2.000,8,8,{},
3900211,[Fire Monk 1] Bullet,U,Unapproved screening result,small-short-enemy-bullet,0,0,0,1,3900211,239000211;239000210,c3900:2003013@2.000;c3900:3003013@2.000;c3900:3013@2.000,8,8,{},
3900333,[Fire Monk 1] Bullet,U,Unapproved screening result,small-short-enemy-bullet,0,0,0,1,3900333,239000333,c3900:1003003@2.500;c3900:1003003@3.433;c3900:1003003@4.567;c3900:3003003@2.500;c3900:3003003@3.433;c3900:3003003@4.567,8,8,{},
3901131,[Blackflame Monk] Bullet - Hammer Slam Fire,U,Unapproved screening result,name;small-short-enemy-bullet,0,0,0,1,3901131,239010131,,5,2,{},
3901200,[Blackflame Monk] Bullet,U,Unapproved screening result,small-short-enemy-bullet,0,0,0,1,3901200,239010200,,5,2,{},
3901201,[Blackflame Monk] Bullet,U,Unapproved screening result,small-short-enemy-bullet,0,0,0,1,3901201,239010201;239010200,,5,2,{},
3901210,[Blackflame Monk] Bullet,U,Unapproved screening result,small-short-enemy-bullet,0,0,0,1,3901210,239010210,,5,2,{},
3901211,[Blackflame Monk] Bullet,U,Unapproved screening result,small-short-enemy-bullet,0,0,0,1,3901211,239010211;239010210,,5,2,{},
3901333,[Blackflame Monk] Bullet,U,Unapproved screening result,small-short-enemy-bullet,0,0,0,1,3901333,239010333,,5,2,{},
3910101,[Fire Prelate] Bullet,U,Unapproved screening result,airborne-avoidance,0,0,1,1,3910101,239100101,c3910:3000@2.467;c3910:3002@2.467,11,4,{},
3910171,[Fire Prelate] Bullet,U,Unapproved screening result,small-short-enemy-bullet,0,0,0,1,3910171,239100171,c3910:3014@1.967,11,4,{},
3910182,[Fire Prelate] Bullet,U,Unapproved screening result,small-short-enemy-bullet,0,0,0,1,3910182,239100182,c3910:3015@2.900,11,4,{},
3910184,[Fire Prelate] Bullet,D,Lingering Prelate fire,airborne-avoidance,0,0,1,1,3910184,239100184;239100183,c3910:3015@2.900;c3910:3015@3.100;c3910:3016@0.000;c3910:3016@0.367;c3910:3017@0.000;c3910:3017@0.367;c3910:3017@0.833,11,4,{},
3910221,[Fire Prelate] Bullet,U,Unapproved screening result,small-short-enemy-bullet,0,0,0,1,3910221,239100221,c3910:3023@0.667,11,4,{},
3910231,[Fire Prelate] Bullet,U,Unapproved screening result,small-short-enemy-bullet,0,0,0,1,3910231,239100231;239100230,c3910:3025@1.167,11,4,{},
3910251,[Fire Prelate] Bullet,U,Unapproved screening result,small-short-enemy-bullet,0,0,0,1,3910251,239100251;239100250,c3910:3027@2.000,11,4,{},
3910261,[Fire Prelate] Bullet,U,Unapproved screening result,small-short-enemy-bullet,0,0,0,1,3910261,239100261;239100260,c3910:3028@1.100,11,4,{},
3910348,[Fire Prelate] Bullet,U,Unapproved screening result,small-short-enemy-bullet,0,0,0,1,3910348,239100348,c3910:1003014@4.667;c3910:1003014@4.700;c3910:1003014@4.733;c3910:1003014@4.767;c3910:1003014@4.800;c3910:1003014@4.833,11,4,{},
3910349,[Fire Prelate] Bullet,U,Unapproved screening result,small-short-enemy-bullet,0,0,0,1,3910349,239100349,c3910:1003014@4.667;c3910:1003014@4.700;c3910:1003014@4.733;c3910:1003014@4.767;c3910:1003014@4.800;c3910:1003014@4.833,11,4,{},
3910391,[Fire Prelate] Bullet,U,Unapproved screening result,small-short-enemy-bullet,0,0,0,1,3910391,239100391;239100390,c3910:1003027@2.000,11,4,{},
3950610,[Man-Serpent] Bullet - UN,U,Unapproved screening result,small-short-enemy-bullet,0,0,0,1,3950600;3950610,239500600;239500610,,20,7,{},
3950700,[Man-Serpent] Bullet,U,Unapproved screening result,small-short-enemy-bullet,0,1,0,1,3950700,239500700,,20,7,{},
3970300,[Azula Beastman] Bullet,U,Unapproved screening result,small-short-enemy-bullet,0,0,0,0,3970300;3970301;3970302;3970303;3970310;3970311;3970312;3970313,239700300;239700301;239700302;239700303,c3970:3021@1.167;c3970:3022@1.233;c3970:3022@1.867;c3970:3026@0.867;c3970:3027@0.800,33,17,{},
3970400,[Azula Beastman] Bullet,U,Unapproved screening result,small-short-enemy-bullet,0,0,0,0,3970400;3970401;3970402;3970403;3970410;3970411;3970412;3970413,239700400;239700401;239700402;239700403,c3970:3021@1.167;c3970:3022@1.233;c3970:3022@1.867;c3970:3026@0.867;c3970:3027@0.800,33,17,{},
3970700,[Azula Beastman] Bullet,U,Unapproved screening result,small-short-enemy-bullet,0,0,0,0,3970703,239700700,c3970:3015@1.667;c3970:3017@0.600,33,17,{},
3970710,[Azula Beastman] Bullet,U,Unapproved screening result,small-short-enemy-bullet,0,0,0,0,3970711,239700710,c3970:3016@2.133,33,17,{},
3970720,[Azula Beastman] Bullet,U,Unapproved screening result,airborne-avoidance;small-short-enemy-bullet,0,0,1,0,3970801;3970802;3970803;3970804;3970805,239700710;239700700,c3970:3015@1.667;c3970:3016@2.133;c3970:3017@0.600,33,17,{},
4020140,[Royal Revenant] Bullet,U,Unapproved screening result,small-short-enemy-bullet,0,0,0,0,4020140;4020141,240200140,,32,16,{},
4020230,[Royal Revenant] Bullet,U,Unapproved screening result,small-short-enemy-bullet,0,0,0,0,4020230;4020231,240200230,,32,16,{},
4100236,[Demi-Human] Bullet,U,Unapproved screening result,small-short-enemy-bullet,0,0,0,1,4100236,241000236;241000235,,44,78,{},
4100416,[Demi-Human] Bullet,U,Unapproved screening result,small-short-enemy-bullet,0,0,0,1,4100416,241000416;241000415,,44,78,{},
4100900,[Demi-Human] Bullet,U,Unapproved screening result,small-short-enemy-bullet,0,1,0,1,4100900,241000900,,44,78,{},
4101900,[Large Demi-Human] Bullet,U,Unapproved screening result,small-short-enemy-bullet,0,1,0,1,4101900,241010900,,8,18,{},
4110900,[Demi-Human Shaman] Bullet,U,Unapproved screening result,small-short-enemy-bullet,0,1,0,1,4110900,241100900,,21,16,{},
4120900,[Demi-Human Chief] Bullet,U,Unapproved screening result,small-short-enemy-bullet,0,1,0,1,4120900,241200900,,11,9,{},
4130102,[Demi-Human Queen] Bullet,B,Demi-Human Queen local bursts,airborne-avoidance;small-short-enemy-bullet,0,0,1,1,4130102,241300102,c4130:3000@0.933;c4130:3001@1.067;c4130:3002@1.367,6,4,{},
4130136,[Demi-Human Queen] Bullet,B,Demi-Human Queen local bursts,airborne-avoidance;small-short-enemy-bullet,0,0,1,1,4130136,241300136,c4130:3004@1.033,6,4,{},
4130182,[Demi-Human Queen] Bullet,B,Demi-Human Queen local bursts,airborne-avoidance;small-short-enemy-bullet,0,0,1,1,4130182,241300182,c4130:1003013@2.767;c4130:1003015@0.533;c4130:1003016@1.800;c4130:1003017@5.200;c4130:1003019@2.033,6,4,{},
4130183,[Demi-Human Queen] Bullet,B,Demi-Human Queen local bursts,airborne-avoidance;small-short-enemy-bullet,0,0,1,1,4130183,241300183,c4130:1003013@2.733;c4130:1003016@1.633;c4130:1003017@3.233;c4130:1003017@5.233;c4130:1003019@2.033,6,4,{},
4130910,[Demi-Human Queen] Bullet,U,Unapproved screening result,small-short-enemy-bullet,0,1,0,1,4130910,241300910,c4130:1003035@1.500;c4130:3032@1.833;c4130:3033@5.000;c4130:3035@1.833,6,4,{},
4140805,[Snail] Bullet - Crystal Floor,U,Unapproved screening result,small-short-enemy-bullet,0,0,0,1,4140801;4140802;4140812;4140813;4140823;4140824;4140834;4140835;4140845;4140846;4140856;4140857;4140867;4140868;4140890;4140891;4140892;4140893;4140894;4140895;4140896,241400890;241400800;241400810;241400820;241400830;241400840;241400850;241400860,,27,23,{},
4190401,[Scarab 1] Bullet,U,Unapproved screening result,small-short-enemy-bullet,0,0,0,1,4190401,241900401;241900400,,45,4,{},
4190411,[Scarab 1] Bullet,U,Unapproved screening result,small-short-enemy-bullet,0,0,0,1,4190411,241900411;241900410,,45,4,{},
4190421,[Scarab 1] Bullet,U,Unapproved screening result,small-short-enemy-bullet,0,0,0,1,4190421,241900421;241900420,,45,4,{},
4191300,[Scarab 2] Bullet,U,Unapproved screening result,small-short-enemy-bullet,0,0,0,1,4191300,241910300,,205,154,{},
4191401,[Scarab 2] Bullet,U,Unapproved screening result,small-short-enemy-bullet,0,0,0,1,4191401,241910401;241910400,,205,154,{},
4191411,[Scarab 2] Bullet,U,Unapproved screening result,small-short-enemy-bullet,0,0,0,1,4191411,241910411;241910410,,205,154,{},
4191421,[Scarab 2] Bullet,U,Unapproved screening result,small-short-enemy-bullet,0,0,0,1,4191421,241910421;241910420,,205,154,{},
4192401,[Scarab 3] Bullet,U,Unapproved screening result,small-short-enemy-bullet,0,0,0,1,4192401,241920401;241920400,,31,8,{},
4192411,[Scarab 3] Bullet,U,Unapproved screening result,small-short-enemy-bullet,0,0,0,1,4192411,241920411;241920410,,31,8,{},
4192421,[Scarab 3] Bullet,U,Unapproved screening result,small-short-enemy-bullet,0,0,0,1,4192421,241920421;241920420,,31,8,{},
4210200,[Warhawk] Bullet,U,Unapproved screening result,small-short-enemy-bullet,0,0,0,1,4210201,242100300,,29,11,{},
4210221,[Warhawk]  Bullet,U,Unapproved screening result,small-short-enemy-bullet,0,0,0,1,4210225,242100320;242100321,,29,11,{},
4210860,[Warhawk],U,Unapproved screening result,small-short-enemy-bullet,0,0,0,1,4210860,242100960;1120,,29,11,{},
4220221,[Giant Land Octopus] Bullet,U,Unapproved screening result,small-short-enemy-bullet,0,0,0,1,4220221,242200221;242200220,,10,22,{},
4240400,[Giant Fingercreeper 1] Bullet,U,Unapproved screening result,small-short-enemy-bullet,0,0,0,0,4240402,242400400;242410400,,78,36,{},
4241400,[Giant Fingercreeper 2] Bullet,U,Unapproved screening result,small-short-enemy-bullet,0,0,0,0,4241402,,,0,0,{},
4260301,[Erdtree Burial Watchdog] Bullet,U,Unapproved screening result,small-short-enemy-bullet,0,0,0,0,4260400,242600400,c4260:3006@1.867;c4260:3025@2.900;c4260:3026@2.900,36,12,{},
4260351,[Erdtree Burial Watchdog] Bullet,D,Watchdog head projectile,airborne-avoidance;small-short-enemy-bullet,0,0,1,0,4260351;4260352;4260353;4260354;4260355,242600350;242600356,c4260:3038@3.167;c4260:3039@3.167,36,12,{},
4270240,[Elder Lion],U,Unapproved screening result,small-short-enemy-bullet,0,0,0,1,4270240,242700240,,9,8,{},
4300600,[Wandering Noble] Bullet,U,Unapproved screening result,small-short-enemy-bullet,0,1,0,1,4300600,243000600,,200,272,{},
4300700,[Wandering Noble] Bullet,U,Unapproved screening result,small-short-enemy-bullet,0,0,0,1,4300700,243000700,,200,272,{},
4310160,[Castle Soldier] Bullet,U,Unapproved screening result,small-short-enemy-bullet,0,0,0,1,4310160;4310161;4310162;4310163;4310164,243100160;243100161;243100162;243100163,,233,217,{},
4310400,[Castle Soldier] Bullet,U,Unapproved screening result,small-short-enemy-bullet,0,1,0,1,4310400,243100400,,233,217,{},
4310410,[Castle Soldier] Bullet,U,Unapproved screening result,small-short-enemy-bullet,0,1,0,1,4310410,243100410,,233,217,{},
4310420,[Castle Soldier] Bullet,U,Unapproved screening result,small-short-enemy-bullet,0,1,0,1,4310420,243100420,,233,217,{},
4310910,[Castle Soldier] Bullet - Firebomb,U,Unapproved screening result,small-short-enemy-bullet,0,0,0,1,4310910;4310911,243100910,,233,217,{},
4310920,[Castle Soldier] Bullet - Wind Blast,U,Unapproved screening result,small-short-enemy-bullet,0,0,0,1,4310920,243100920,,233,217,{},
4310941,[Castle Soldier] Bullet,U,Unapproved screening result,small-short-enemy-bullet,0,0,0,1,4310943,243100940,,233,217,{},
4321750,[Vulgar Militia] Bullet,U,Unapproved screening result,small-short-enemy-bullet,0,0,0,1,4321750;4321751;4321752;4321753;4321754;4321755;4321756;4321850;4321851;4321852;4321853;4321854;4321855;4321856,243210850,,33,39,{},
4340180,[Mad Pumpkin Head] Bullet,U,Unapproved screening result,small-short-enemy-bullet,0,0,0,1,4340180,243400180,,25,18,{},
4340370,[Mad Pumpkin Head] Bullet,B,Pumpkin Head impact burst,airborne-avoidance;small-short-enemy-bullet,0,0,1,1,4340370,243400370,c4340:1003001@1.967;c4340:1003002@1.033;c4340:1003005@1.033;c4340:1003006@1.267;c4340:1003009@1.933;c4340:1003010@4.800;c4340:1003011@1.133;c4340:1003012@1.733;c4340:1003014@0.733;c4340:1003015@1.267;c4340:1003016@1.267;c4340:1003020@1.267;c4340:1003027@4.800;c4340:1003028@1.267;c4340:1003029@0.733;c4340:1003030@1.267;c4340:1003031@1.267;c4340:1003032@1.133;c4340:3004@1.033;c4340:3005@1.267;c4340:3010@4.467;c4340:3011@1.133;c4340:3014@0.733;c4340:3015@1.267;c4340:3016@1.267;c4340:3024@1.933;c4340:3026@1.267;c4340:3027@4.467;c4340:3028@1.267;c4340:3029@0.733;c4340:3030@1.267;c4340:3031@1.267;c4340:3032@1.133,25,18,{},
4341180,[Mad Pumpkin Head (Thin)] Bullet,U,Unapproved screening result,small-short-enemy-bullet,0,0,0,1,4341180,243410180,,3,0,{},
4341370,[Mad Pumpkin Head (Thin)] Bullet,B,Pumpkin Head impact burst,airborne-avoidance;small-short-enemy-bullet,0,0,1,1,4341370,243410370,,3,0,{},
4350280,[Castle Knight] Bullet,U,Unapproved screening result,small-short-enemy-bullet,0,0,0,1,4350280,243500280,,101,57,{},
4350281,[Castle Knight] Bullet,U,Unapproved screening result,small-short-enemy-bullet,0,0,0,1,4350281,243500281,,101,57,{},
4350282,[Castle Knight] Bullet,U,Unapproved screening result,small-short-enemy-bullet,0,0,0,1,4350282,243500282,,101,57,{},
4350284,[Castle Knight] Bullet,U,Unapproved screening result,small-short-enemy-bullet,0,0,0,1,4350284,243500284;243500283;243500280;243500281;243500282,,101,57,{},
4350301,[Castle Knight] Bullet,U,Unapproved screening result,small-short-enemy-bullet,0,0,0,1,4350301,243500301,,101,57,{},
4350302,[Castle Knight] Bullet,U,Unapproved screening result,small-short-enemy-bullet,0,0,0,1,4350302,243500302;243500301,,101,57,{},
4350315,[Castle Knight] Bullet,U,Unapproved screening result,small-short-enemy-bullet,0,1,0,1,4350315,243500315,,101,57,{},
4350316,[Castle Knight] Bullet,U,Unapproved screening result,small-short-enemy-bullet,0,0,0,1,4350316,243500316;243500315,,101,57,{},
4350317,[Castle Knight] Bullet,U,Unapproved screening result,small-short-enemy-bullet,0,0,0,1,4350317,243500317;243500316;243500315,,101,57,{},
4350318,[Castle Knight] Bullet,U,Unapproved screening result,small-short-enemy-bullet,0,0,0,1,4350318,243500318;243500317;243500316;243500315,,101,57,{},
4350570,[Castle Knight] Bullet,U,Unapproved screening result,small-short-enemy-bullet,0,1,0,1,4350570,243500570,,101,57,{},
4350571,[Castle Knight] Bullet,U,Unapproved screening result,small-short-enemy-bullet,0,0,0,1,4350571,243500571;243500570,,101,57,{},
4350572,[Castle Knight] Bullet,U,Unapproved screening result,small-short-enemy-bullet,0,0,0,1,4350572,243500572;243500571;243500570,,101,57,{},
4350573,[Castle Knight] Bullet,U,Unapproved screening result,small-short-enemy-bullet,0,0,0,1,4350573,243500573;243500572;243500571;243500570,,101,57,{},
4350680,[Castle Knight] Bullet - Rain of Arrows,U,Unapproved screening result,small-short-enemy-bullet,0,0,0,1,4350680,243500680,,101,57,{},
4350682,[Castle Knight] Bullet - Rain of Arrows,U,Unapproved screening result,small-short-enemy-bullet,0,0,0,1,4350682,243500682;243500681;243500680,,101,57,{},
4350683,[Castle Knight] Bullet - Rain of Arrows,U,Unapproved screening result,small-short-enemy-bullet,0,0,0,1,4350683,243500683;243500682;243500681;243500680,,101,57,{},
4350685,[Castle Knight] Bullet,U,Unapproved screening result,small-short-enemy-bullet,0,0,0,1,4350685,243500685,,101,57,{},
4350811,[Castle Knight] Bullet,U,Unapproved screening result,small-short-enemy-bullet,0,0,0,1,4350811,243500811;243500810,,101,57,{},
4350820,[Castle Knight] Bullet,U,Unapproved screening result,small-short-enemy-bullet,0,0,0,1,4350820,243500820,,101,57,{},
4350821,[Castle Knight] Bullet,U,Unapproved screening result,small-short-enemy-bullet,0,0,0,1,4350821,243500821,,101,57,{},
4350822,[Castle Knight] Bullet,U,Unapproved screening result,small-short-enemy-bullet,0,0,0,1,4350822,243500822,,101,57,{},
4350824,[Castle Knight] Bullet,U,Unapproved screening result,small-short-enemy-bullet,0,0,0,1,4350824,243500824;243500823;243500820;243500821;243500822,,101,57,{},
4370110,[Castle Foot Soldier] Bullet,U,Unapproved screening result,small-short-enemy-bullet,0,0,0,1,4370110;4370111,243700110,,208,166,{},
4370130,[Castle Foot Soldier] Bullet,U,Unapproved screening result,small-short-enemy-bullet,0,0,0,1,4370130;4370131,243700130,,208,166,{},
4370131,[Castle Foot Soldier] Bullet,U,Unapproved screening result,small-short-enemy-bullet,0,0,0,1,4370133;4370134;4370135;4370136;4370137,243700130;256500130,,260,198,{},
4370140,[Castle Foot Soldier] Bullet,U,Unapproved screening result,small-short-enemy-bullet,0,0,0,1,4370140;4370141,243700140,,208,166,{},
4370260,[Castle Foot Soldier] Bullet - Holy Suicide,U,Unapproved screening result,small-short-enemy-bullet,0,0,0,1,4370260,243700260,,208,166,{},
4370290,[Castle Foot Soldier] Bullet,U,Unapproved screening result,small-short-enemy-bullet,0,0,0,1,4370291;4370292,243700290,,208,166,{},
4370370,[Castle Foot Soldier] Bullet,U,Unapproved screening result,small-short-enemy-bullet,0,0,0,1,4370370;4370371;4370372,243700370,,208,166,{},
4370371,[Castle Foot Soldier] Bullet,U,Unapproved screening result,small-short-enemy-bullet,0,0,0,1,4370373,243700370,,208,166,{},
4370900,[Castle Foot Soldier] Bullet,U,Unapproved screening result,small-short-enemy-bullet,0,1,0,1,4370900,243700900,,208,166,{},
4380162,[Starcaller] Bullet,U,Unapproved screening result,small-short-enemy-bullet,0,0,0,1,4380162,243800162;243800161;243800160,c4380:1003007@3.333;c4380:1003007@3.933;c4380:1003007@4.667;c4380:2003012@0.633;c4380:3003012@1.333;c4380:3006@3.067;c4380:4003011@0.800;c4380:4003011@0.933;c4380:4003011@1.067;c4380:4003011@1.200;c4380:4003011@1.333;c4380:4003011@1.467;c4380:4003011@1.733;c4380:4003011@1.867;c4380:4003011@2.000;c4380:4003011@2.133;c4380:4003011@2.267;c4380:4003011@2.533;c4380:4003011@2.667;c4380:4003011@2.800;c4380:4003011@2.933;c4380:4003011@3.067;c4380:4003011@3.200;c4380:4003011@3.300,7,6,{},
4380170,[Starcaller] Bullet,U,Unapproved screening result,small-short-enemy-bullet,0,0,0,1,4380170,243800170,c4380:1003009@1.233;c4380:2003020@1.133;c4380:3003030@2.133;c4380:3007@1.567,7,6,{},
4380172,[Starcaller] Bullet,C,Starcaller floor eruptions,airborne-avoidance;small-floor-probe;small-short-enemy-bullet,0,0,1,1,4380172,243800172;243800171;243800170,c4380:1003009@1.233;c4380:2003020@1.133;c4380:3003030@2.133;c4380:3007@1.567,7,6,{},
4380180,[Starcaller] Bullet,U,Unapproved screening result,small-short-enemy-bullet,0,0,0,1,4380180,243800180,c4380:1003010@2.333;c4380:2003021@1.100;c4380:3003031@3.600;c4380:3007@1.567,7,6,{},
4380182,[Starcaller] Bullet,C,Starcaller floor eruptions,airborne-avoidance;small-floor-probe;small-short-enemy-bullet,0,0,1,1,4380182,243800182;243800181;243800180,c4380:1003010@2.333;c4380:1003010@3.100;c4380:1003010@4.300;c4380:2003021@1.100;c4380:3003031@3.600;c4380:3007@1.567,7,6,{},
4380192,[Starcaller] Bullet,C,Starcaller floor eruptions,airborne-avoidance;small-floor-probe;small-short-enemy-bullet,0,0,1,1,4380192,243800192;243800191;243800190,c4380:1003011@1.300;c4380:2003022@0.500;c4380:2003022@1.733;c4380:3007@1.567,7,6,{},
4380252,[Starcaller] Bullet,U,Unapproved screening result,small-short-enemy-bullet,0,0,0,1,4380252,243800252,c4380:3015@1.767,7,6,{},
4380253,[Starcaller] Bullet,U,Unapproved screening result,small-short-enemy-bullet,0,0,0,1,4380253,243800253,c4380:3015@4.300,7,6,{},
4380261,[Starcaller] Bullet,U,Unapproved screening result,small-short-enemy-bullet,0,0,0,1,4380261,243800261,c4380:2003032@2.000;c4380:3016@2.067,7,6,{},
4380281,[Starcaller] Bullet,U,Unapproved screening result,small-short-enemy-bullet,0,0,0,1,4380281,243800281,c4380:3018@1.567,7,6,{},
4381192,[Guilty] Bullet,U,Unapproved screening result,small-short-enemy-bullet,0,0,0,1,4381192,243810192;243810191;243810190,,13,13,{},
4381194,[Guilty] Bullet,U,Unapproved screening result,small-short-enemy-bullet,0,0,0,1,4381194,243810194;243810193;243810190,,13,13,{},
4381195,[Guilty] Bullet,U,Unapproved screening result,small-short-enemy-bullet,0,0,0,1,4381195,243810195;243810194;243810193;243810190,,13,13,{},
4382251,[Stonedigger] Bullet,U,Unapproved screening result,small-short-enemy-bullet,0,0,0,1,4382251,243820251;243820250;243820270;243820271,,49,28,{},
4383141,[Glintstone Digger 1] Bullet,U,Unapproved screening result,airborne-avoidance;small-short-enemy-bullet,0,0,1,1,4383141,243830141,,9,7,{},
4383151,[Glintstone Digger 1] Bullet,U,Unapproved screening result,airborne-avoidance;small-short-enemy-bullet,0,0,1,1,4383151,243830151,,9,7,{},
4384141,[Glintstone Digger 2] Bullet,U,Unapproved screening result,airborne-avoidance;small-short-enemy-bullet,0,0,1,1,4384141,243840141,,3,3,{},
4384151,[Glintstone Digger 2] Bullet,U,Unapproved screening result,airborne-avoidance;small-short-enemy-bullet,0,0,1,1,4384151,243840151,,3,3,{},
4384162,[Glintstone Digger 2] Bullet,U,Unapproved screening result,small-short-enemy-bullet,0,0,0,1,4384162,243840162,,3,3,{},
4385340,[Disciple of Rot] Bullet,U,Unapproved screening result,small-short-enemy-bullet,0,0,0,1,4385340,243850340,,24,25,{},
4385342,[Disciple of Rot] Bullet,U,Unapproved screening result,small-short-enemy-bullet,0,0,0,1,4385342,243850342;243850341;243850340,,24,25,{},
4385343,[Disciple of Rot] Bullet,U,Unapproved screening result,airborne-avoidance,0,0,1,1,4385343,243850343;243850342;243850341;243850340,,24,25,{},
4385350,[Disciple of Rot] Bullet,U,Unapproved screening result,small-short-enemy-bullet,0,0,0,1,4385350,243850350,,24,25,{},
4385352,[Disciple of Rot] Bullet,U,Unapproved screening result,airborne-avoidance;small-floor-probe;small-short-enemy-bullet,0,0,1,1,4385352,243850352;243850351;243850350,,24,25,{},
4385353,[Disciple of Rot] Bullet,U,Unapproved screening result,airborne-avoidance,0,0,1,1,4385353,243850353;243850352;243850351;243850350,,24,25,{},
4385360,[Disciple of Rot] Bullet,U,Unapproved screening result,small-short-enemy-bullet,0,0,0,1,4385360,243850360,,24,25,{},
4385362,[Disciple of Rot] Bullet,U,Unapproved screening result,airborne-avoidance;small-floor-probe;small-short-enemy-bullet,0,0,1,1,4385362,243850362;243850361;243850360,,24,25,{},
4385363,[Disciple of Rot] Bullet,U,Unapproved screening result,airborne-avoidance,0,0,1,1,4385363,243850363;243850362;243850361;243850360,,24,25,{},
4385370,[Disciple of Rot] Bullet,U,Unapproved screening result,small-short-enemy-bullet,0,0,0,1,4385370,243850370,,24,25,{},
4385372,[Disciple of Rot] Bullet,U,Unapproved screening result,airborne-avoidance;small-floor-probe;small-short-enemy-bullet,0,0,1,1,4385372,243850372;243850371;243850370,,24,25,{},
4385373,[Disciple of Rot] Bullet,U,Unapproved screening result,airborne-avoidance,0,0,1,1,4385373,243850373;243850372;243850371;243850370,,24,25,{},
4440130,[Land Squirt] Bullet,U,Unapproved screening result,small-short-enemy-bullet,0,0,0,1,4440130,244400130,,9,17,{},
4440131,[Land Squirt] Bullet,U,Unapproved screening result,small-short-enemy-bullet,0,0,0,1,4440131,244400131,,9,17,{},
4450200,[Walking Mausoleum] Bullet,C,Walking Mausoleum footsteps,airborne-avoidance,0,0,1,1,4450200,244500300,,8,7,{},
4450210,[Walking Mausoleum] Bullet,U,Unapproved screening result,small-short-enemy-bullet,0,0,0,1,4450212,244500310,c4450:1003005@3.833;c4450:1020011@0.233;c4450:1020011@0.267;c4450:1020011@0.300;c4450:1020011@0.333;c4450:1020011@1.667;c4450:1020011@2.467;c4450:1020011@2.500;c4450:1020011@2.533;c4450:1020011@2.567;c4450:1020011@4.000;c4450:1020011@4.833;c4450:1020011@4.867;c4450:1020011@4.900;c4450:1020011@4.933;c4450:1020011@6.333;c4450:20011@0.233;c4450:20011@0.267;c4450:20011@0.300;c4450:20011@0.333;c4450:20011@1.667;c4450:20011@2.467;c4450:20011@2.500;c4450:20011@2.533;c4450:20011@2.567;c4450:20011@4.000;c4450:20011@4.833;c4450:20011@4.867;c4450:20011@4.900;c4450:20011@4.933;c4450:20011@6.333;c4450:3005@3.833,8,7,{},
4450220,[Walking Mausoleum] Bullet,U,Unapproved screening result,small-short-enemy-bullet,0,0,0,1,4450222,244500320,c4450:1003005@4.000;c4450:1020011@0.067;c4450:1020011@0.100;c4450:1020011@0.133;c4450:1020011@0.167;c4450:1020011@1.667;c4450:1020011@2.300;c4450:1020011@2.333;c4450:1020011@2.367;c4450:1020011@2.400;c4450:1020011@4.000;c4450:1020011@4.667;c4450:1020011@4.700;c4450:1020011@4.733;c4450:1020011@4.767;c4450:1020011@6.333;c4450:20011@0.067;c4450:20011@0.100;c4450:20011@0.133;c4450:20011@0.167;c4450:20011@1.667;c4450:20011@2.300;c4450:20011@2.333;c4450:20011@2.367;c4450:20011@2.400;c4450:20011@4.000;c4450:20011@4.667;c4450:20011@4.700;c4450:20011@4.733;c4450:20011@4.767;c4450:20011@6.333;c4450:3005@4.000,8,7,{},
4450230,[Walking Mausoleum] Bullet,C,Walking Mausoleum footsteps,airborne-avoidance,0,0,1,1,4450230,244500330,,8,7,{},
4450240,[Walking Mausoleum] Bullet,U,Unapproved screening result,airborne-avoidance,0,0,1,1,4450244,244500340,,8,7,{},
4450250,[Walking Mausoleum] Bullet,C,Walking Mausoleum footsteps,airborne-avoidance,0,0,1,1,4450250,244500350,c4450:1003005@6.533;c4450:3005@6.533,8,7,{},
4450300,[Walking Mausoleum],U,Unapproved screening result,airborne-avoidance,0,0,1,1,,244500400,c4450:1003000@1.800;c4450:1003000@5.833;c4450:1003001@3.600;c4450:1003001@8.733;c4450:1003006@1.800;c4450:1003006@5.833;c4450:1003031@2.467;c4450:1005000@14.233;c4450:1005000@2.533;c4450:1005001@16.833;c4450:1005001@5.133;c4450:1005004@2.567;c4450:1005005@5.167;c4450:3000@1.767;c4450:3000@5.767;c4450:3001@3.567;c4450:3001@8.667;c4450:3006@1.767;c4450:3006@5.767;c4450:3030@6.300;c4450:5000@14.167;c4450:5000@2.533;c4450:5001@16.900;c4450:5001@5.167;c4450:5004@2.567;c4450:5005@5.233,8,7,{},
4450310,[Walking Mausoleum],U,Unapproved screening result,airborne-avoidance,0,0,1,1,,244500410,c4450:1003000@12.267;c4450:1003000@8.700;c4450:1003002@3.633;c4450:1003002@9.300;c4450:1003006@12.267;c4450:1003006@8.700;c4450:1003030@6.300;c4450:1005000@16.833;c4450:1005000@5.200;c4450:1005001@14.233;c4450:1005001@2.600;c4450:1005004@5.233;c4450:1005005@2.567;c4450:3000@12.233;c4450:3000@8.767;c4450:3002@3.600;c4450:3002@8.667;c4450:3006@12.233;c4450:3006@8.767;c4450:3031@2.500;c4450:5000@16.933;c4450:5000@5.267;c4450:5001@14.233;c4450:5001@2.567;c4450:5004@5.300;c4450:5005@2.567,8,7,{},
4450320,[Walking Mausoleum],U,Unapproved screening result,airborne-avoidance,0,0,1,1,,244500420,c4450:1003000@4.300;c4450:1003000@8.033;c4450:1003003@3.667;c4450:1003003@8.700;c4450:1003006@4.300;c4450:1003006@8.033;c4450:1003031@6.300;c4450:1005000@10.600;c4450:1005000@22.300;c4450:1005001@19.533;c4450:1005001@7.833;c4450:1005004@10.600;c4450:1005005@7.867;c4450:3000@4.333;c4450:3000@7.967;c4450:3003@3.600;c4450:3003@8.667;c4450:3006@4.333;c4450:3006@7.967;c4450:3030@2.467;c4450:5000@10.567;c4450:5000@22.267;c4450:5001@19.533;c4450:5001@7.800;c4450:5004@10.633;c4450:5005@7.833,8,7,{},
4450330,[Walking Mausoleum],U,Unapproved screening result,airborne-avoidance,0,0,1,1,,244500430,c4450:1003000@10.567;c4450:1003000@6.700;c4450:1003004@3.633;c4450:1003004@8.700;c4450:1003006@10.567;c4450:1003006@6.700;c4450:1003030@2.467;c4450:1005000@19.500;c4450:1005000@7.867;c4450:1005001@10.500;c4450:1005001@22.233;c4450:1005004@7.900;c4450:1005005@10.567;c4450:3000@10.567;c4450:3000@6.633;c4450:3004@3.633;c4450:3004@8.667;c4450:3006@10.567;c4450:3006@6.633;c4450:3031@6.300;c4450:5000@19.567;c4450:5000@7.900;c4450:5001@10.567;c4450:5001@22.300;c4450:5004@7.900;c4450:5005@10.600,8,7,{},
4460011,[Flame Chariot] Bullet - Fire Ball,U,Unapproved screening result,small-short-enemy-bullet,0,0,0,1,4460011,244600110,,30,15,{},
4480130,[Miranda Blossom] Bullet - Holy Seekers,D,Ally and holy-seeker false positives,small-short-enemy-bullet,0,0,0,0,4480134;4480135,244800130,c4480:3003@3.800,29,36,{},
4480500,[Miranda Blossom] Bullet,U,Unapproved screening result,small-short-enemy-bullet,0,0,0,0,4480500,244800500,c4480:1003002@2.867;c4480:3002@2.867,29,36,{},
4480510,[Miranda Blossom] Bullet,U,Unapproved screening result,small-short-enemy-bullet,0,0,0,0,4480510,244800510,c4480:1003002@2.867;c4480:3002@2.867,29,36,{},
4480520,[Miranda Blossom] Bullet,U,Unapproved screening result,small-short-enemy-bullet,0,0,0,0,4480520,244800520,c4480:1003002@2.867;c4480:3002@2.867,29,36,{},
4480530,[Miranda Blossom] Bullet,U,Unapproved screening result,small-short-enemy-bullet,0,0,0,0,4480530,244800530,c4480:1003002@2.867;c4480:3002@2.867,29,36,{},
4481400,[Miranda Sprout] Bullet,U,Unapproved screening result,small-short-enemy-bullet,0,0,0,0,4481400;4481401,244810400,,44,47,{},
4481410,[Miranda Sprout] Bullet,U,Unapproved screening result,small-short-enemy-bullet,0,0,0,0,4481410;4481411,244810410,,44,47,{},
4481420,[Miranda Sprout] Bullet,U,Unapproved screening result,small-short-enemy-bullet,0,0,0,0,4481420;4481421,244810420,,44,47,{},
4481430,[Miranda Sprout] Bullet,U,Unapproved screening result,small-short-enemy-bullet,0,0,0,0,4481430;4481431,244810430,,44,47,{},
4481500,[Miranda Sprout] Bullet,U,Unapproved screening result,small-short-enemy-bullet,0,0,0,0,4481500,244810500,,44,47,{},
4481510,[Miranda Sprout] Bullet,U,Unapproved screening result,small-short-enemy-bullet,0,0,0,0,4481510,244810510,,44,47,{},
4481520,[Miranda Sprout] Bullet,U,Unapproved screening result,small-short-enemy-bullet,0,0,0,0,4481520,244810520,,44,47,{},
4481530,[Miranda Sprout] Bullet,U,Unapproved screening result,small-short-enemy-bullet,0,0,0,0,4481530,244810530,,44,47,{},
4481600,[Miranda Sprout] Bullet,U,Unapproved screening result,small-short-enemy-bullet,0,0,0,0,4481600,244810600,,44,47,{},
4481610,[Miranda Sprout] Bullet,U,Unapproved screening result,small-short-enemy-bullet,0,0,0,0,4481610,244810610,,44,47,{},
4481620,[Miranda Sprout] Bullet,U,Unapproved screening result,small-short-enemy-bullet,0,0,0,0,4481620,244810620,,44,47,{},
4481630,[Miranda Sprout] Bullet,U,Unapproved screening result,small-short-enemy-bullet,0,0,0,0,4481630,244810630,,44,47,{},
4481705,[Miranda Sprout] Bullet,U,Unapproved screening result,small-short-enemy-bullet,0,0,0,0,4481705,244810705,,44,47,{},
4481900,[Miranda Sprout] Bullet,U,Unapproved screening result,small-short-enemy-bullet,0,0,0,0,4481900;4481901,244810900,,44,47,{},
4481910,[Miranda Sprout] Bullet,U,Unapproved screening result,small-short-enemy-bullet,0,0,0,0,4481910;4481911,244810910,,44,47,{},
4481920,[Miranda Sprout] Bullet,U,Unapproved screening result,small-short-enemy-bullet,0,0,0,0,4481920;4481921,244810920,,44,47,{},
4481930,[Miranda Sprout] Bullet,U,Unapproved screening result,small-short-enemy-bullet,0,0,0,0,4481930;4481931,244810930,,44,47,{},
4490171,[Greatjar] Bullet,U,Unapproved screening result,airborne-avoidance,0,0,1,1,4490171,244900171,c4490:3016@3.533,55,27,{},
4490181,[Greatjar] Bullet,U,Unapproved screening result,small-short-enemy-bullet,0,0,0,1,4490181,244900181,c4490:3017@3.433,55,27,{},
4490183,[Greatjar] Bullet,U,Unapproved screening result,small-short-enemy-bullet,0,0,0,1,4490183,244900183;244900182,c4490:3017@3.433,55,27,{},
4500140,[Dragon] Tail,U,Unapproved screening result,airborne-avoidance,0,0,1,1,,245000140,c4500:3004@2.467,12,7,{},
4500151,[Dragon] Bullet,U,Unapproved screening result,airborne-avoidance;small-short-enemy-bullet,0,0,1,1,4500151,245000151,c4500:3005@3.467,12,7,{},
4500161,[Dragon] Bullet,U,Unapproved screening result,airborne-avoidance;small-short-enemy-bullet,0,0,1,1,4500161,245000161,c4500:3006@3.433,12,7,{},
4500200,[Dragon] Stomp,U,Unapproved screening result,name,0,0,0,1,,245000200,c4500:3010@1.667,12,7,{},
4500201,[Dragon] Bullet,C,Dragon foot bursts,airborne-avoidance,0,0,1,1,4500201,245000201,c4500:3010@1.800,12,7,{},
4500210,[Dragon] Stomp,U,Unapproved screening result,name,0,0,0,1,,245000210,c4500:3011@1.700,12,7,{},
4500211,[Dragon] Bullet,C,Dragon foot bursts,airborne-avoidance,0,0,1,1,4500211,245000211,c4500:3011@1.800,12,7,{},
4500220,[Dragon] Flying Stomp,U,Unapproved screening result,name,0,0,0,1,,245000220,c4500:3012@5.033;c4500:3037@5.033,12,7,{},
4500221,[Dragon] Flying Stomp,U,Unapproved screening result,name,0,0,0,1,,245000221,c4500:3012@5.100;c4500:3037@5.100,12,7,{},
4500223,[Dragon] Bullet,U,Unapproved screening result,airborne-avoidance,0,0,1,1,4500223,245000223,c4500:3012@5.133;c4500:3037@5.133,12,7,{},
4500224,[Dragon] Bullet,U,Unapproved screening result,airborne-avoidance,0,0,1,1,4500224,245000224,c4500:3012@5.200;c4500:3037@5.200,12,7,{},
4500231,[Dragon] Bullet,U,Unapproved screening result,small-short-enemy-bullet,0,0,0,1,4500231,245000231;245000230,c4500:3016@3.600,12,7,{},
4500241,[Dragon] Bullet,U,Unapproved screening result,small-short-enemy-bullet,0,0,0,1,4500241,245000241;245000240,c4500:3016@3.667,12,7,{},
4500250,[Dragon] Tail,U,Unapproved screening result,airborne-avoidance,0,0,1,1,,245000250,c4500:3017@1.933,12,7,{},
4500270,[Dragon] Stomp,U,Unapproved screening result,name,0,0,0,1,,245000270,c4500:3030@2.233,12,7,{},
4500271,[Dragon] Bullet,C,Dragon foot bursts,airborne-avoidance,0,0,1,1,4500271,245000271,c4500:3030@2.333,12,7,{},
4500280,[Dragon] Stomp,U,Unapproved screening result,name,0,0,0,1,,245000280,c4500:3031@2.267,12,7,{},
4500281,[Dragon] Bullet,C,Dragon foot bursts,airborne-avoidance,0,0,1,1,4500281,245000281,c4500:3031@2.367,12,7,{},
4500291,[Dragon] Bullet,U,Unapproved screening result,small-short-enemy-bullet,0,0,0,1,4500291,245000291;245000290,c4500:3032@3.200,12,7,{},
4500301,[Dragon] Bullet,U,Unapproved screening result,small-short-enemy-bullet,0,0,0,1,4500301,245000301;245000300,c4500:3032@3.333,12,7,{},
4500310,[Dragon] Forward Stomp,U,Unapproved screening result,name,0,0,0,1,,245000310,c4500:3033@2.167,12,7,{},
4500311,[Dragon] Bullet,U,Unapproved screening result,airborne-avoidance,0,0,1,1,4500311,245000311,c4500:3033@2.267,12,7,{},
4500331,[Dragon] Bullet,U,Unapproved screening result,small-short-enemy-bullet,0,0,0,1,4500331,245000331;245000330,c4500:3035@3.667;c4500:3035@4.300;c4500:3035@4.700;c4500:3035@5.100;c4500:3035@5.467,12,7,{},
4500341,[Dragon] Bullet,U,Unapproved screening result,small-short-enemy-bullet,0,0,0,1,4500341,245000341;245000340,c4500:3035@3.733;c4500:3035@4.100;c4500:3035@4.500;c4500:3035@4.900;c4500:3035@5.300;c4500:3035@5.733,12,7,{},
4500911,[Dragon] Bullet,U,Unapproved screening result,airborne-avoidance,0,0,1,1,4500911,245000911,c4500:1701@4.500;c4500:1701@4.533;c4500:1701@5.167;c4500:1701@5.200;c4500:1701@5.300;c4500:1701@5.533;c4500:1701@5.933;c4500:1701@6.133;c4500:1701@6.367;c4500:1701@6.667;c4500:20005@4.500;c4500:20005@4.533;c4500:20005@5.167;c4500:20005@5.200;c4500:20005@5.300;c4500:20005@5.533;c4500:20005@5.933;c4500:20005@6.133;c4500:20005@6.367;c4500:20005@6.667,12,7,{},
4501140,[Dragon 2],U,Unapproved screening result,airborne-avoidance,0,0,1,1,,245010140,,2,1,{},
4501151,[Dragon 2] Bullet,U,Unapproved screening result,airborne-avoidance;small-short-enemy-bullet,0,0,1,1,4501151,245010151,,2,1,{},
4501161,[Dragon 2] Bullet,U,Unapproved screening result,airborne-avoidance;small-short-enemy-bullet,0,0,1,1,4501161,245010161,,2,1,{},
4501201,[Dragon 2] Bullet,U,Unapproved screening result,airborne-avoidance,0,0,1,1,4501201,245010201,,2,1,{},
4501211,[Dragon 2] Bullet,U,Unapproved screening result,airborne-avoidance,0,0,1,1,4501211,245010211,,2,1,{},
4501223,[Dragon 2] Bullet,U,Unapproved screening result,airborne-avoidance,0,0,1,1,4501223,245010223,,2,1,{},
4501224,[Dragon 2] Bullet,U,Unapproved screening result,airborne-avoidance,0,0,1,1,4501224,245010224,,2,1,{},
4501231,[Dragon 2] Bullet,U,Unapproved screening result,small-short-enemy-bullet,0,0,0,1,4501231,245010231;245010230,,2,1,{},
4501241,[Dragon 2] Bullet,U,Unapproved screening result,small-short-enemy-bullet,0,0,0,1,4501241,245010241;245010240,,2,1,{},
4501250,[Dragon 2],U,Unapproved screening result,airborne-avoidance,0,0,1,1,,245010250,,2,1,{},
4501271,[Dragon 2] Bullet,U,Unapproved screening result,airborne-avoidance,0,0,1,1,4501271,245010271,,2,1,{},
4501281,[Dragon 2] Bullet,U,Unapproved screening result,airborne-avoidance,0,0,1,1,4501281,245010281,,2,1,{},
4501291,[Dragon 2] Bullet,U,Unapproved screening result,small-short-enemy-bullet,0,0,0,1,4501291,245010291;245010290,,2,1,{},
4501301,[Dragon 2] Bullet,U,Unapproved screening result,small-short-enemy-bullet,0,0,0,1,4501301,245010301;245010300,,2,1,{},
4501311,[Dragon 2] Bullet,U,Unapproved screening result,airborne-avoidance,0,0,1,1,4501311,245010311,,2,1,{},
4501331,[Dragon 2] Bullet,U,Unapproved screening result,small-short-enemy-bullet,0,0,0,1,4501331,245010331;245010330,,2,1,{},
4501341,[Dragon 2] Bullet,U,Unapproved screening result,small-short-enemy-bullet,0,0,0,1,4501341,245010341;245010340,,2,1,{},
4501911,[Dragon 2],U,Unapproved screening result,airborne-avoidance,0,0,1,1,,,,0,0,{},
4502140,[Dragon 3],U,Unapproved screening result,airborne-avoidance,0,0,1,1,,245020140,,6,5,{},
4502151,[Dragon 3] Bullet,U,Unapproved screening result,airborne-avoidance;small-short-enemy-bullet,0,0,1,1,4502151,245020151,,6,5,{},
4502161,[Dragon 3] Bullet,U,Unapproved screening result,airborne-avoidance;small-short-enemy-bullet,0,0,1,1,4502161,245020161,,6,5,{},
4502201,[Dragon 3] Bullet,U,Unapproved screening result,airborne-avoidance,0,0,1,1,4502201,245020201,,6,5,{},
4502211,[Dragon 3] Bullet,U,Unapproved screening result,airborne-avoidance,0,0,1,1,4502211,245020211,,6,5,{},
4502223,[Dragon 3] Bullet,U,Unapproved screening result,airborne-avoidance,0,0,1,1,4502223,245020223,,6,5,{},
4502224,[Dragon 3] Bullet,U,Unapproved screening result,airborne-avoidance,0,0,1,1,4502224,245020224,,6,5,{},
4502231,[Dragon 3] Bullet,U,Unapproved screening result,small-short-enemy-bullet,0,0,0,1,4502231,245020231;245020230,,6,5,{},
4502241,[Dragon 3] Bullet,U,Unapproved screening result,small-short-enemy-bullet,0,0,0,1,4502241,245020241;245020240,,6,5,{},
4502250,[Dragon 3],U,Unapproved screening result,airborne-avoidance,0,0,1,1,,245020250,,6,5,{},
4502271,[Dragon 3] Bullet,U,Unapproved screening result,airborne-avoidance,0,0,1,1,4502271,245020271,,6,5,{},
4502281,[Dragon 3] Bullet,U,Unapproved screening result,airborne-avoidance,0,0,1,1,4502281,245020281,,6,5,{},
4502291,[Dragon 3] Bullet,U,Unapproved screening result,small-short-enemy-bullet,0,0,0,1,4502291,245020291;245020290,,6,5,{},
4502301,[Dragon 3] Bullet,U,Unapproved screening result,small-short-enemy-bullet,0,0,0,1,4502301,245020301;245020300,,6,5,{},
4502311,[Dragon 3] Bullet,U,Unapproved screening result,airborne-avoidance,0,0,1,1,4502311,245020311,,6,5,{},
4502331,[Dragon 3] Bullet,U,Unapproved screening result,small-short-enemy-bullet,0,0,0,1,4502331,245020331;245020330,,6,5,{},
4502341,[Dragon 3] Bullet,U,Unapproved screening result,small-short-enemy-bullet,0,0,0,1,4502341,245020341;245020340,,6,5,{},
4502420,[Dragon 3] Bullet,U,Unapproved screening result,small-short-enemy-bullet,0,0,0,1,4502420,245020420,,6,5,{},
4502423,[Dragon 3] Bullet,U,Unapproved screening result,small-short-enemy-bullet,0,0,0,1,4502423,245020423;245020422;245020421;245020420,,6,5,{},
4502430,[Dragon 3] Bullet,U,Unapproved screening result,small-short-enemy-bullet,0,0,0,1,4502430,245020430,,6,5,{},
4502433,[Dragon 3] Bullet,U,Unapproved screening result,small-short-enemy-bullet,0,0,0,1,4502433,245020433;245020432;245020431;245020430,,6,5,{},
4502440,[Dragon 3] Bullet,U,Unapproved screening result,small-short-enemy-bullet,0,0,0,1,4502440,245020440,,6,5,{},
4502443,[Dragon 3] Bullet,U,Unapproved screening result,small-short-enemy-bullet,0,0,0,1,4502443,245020443;245020442;245020441;245020440,,6,5,{},
4502461,[Dragon 3] Bullet,U,Unapproved screening result,small-short-enemy-bullet,0,0,0,1,4502461,245020461;245020460,,6,5,{},
4502911,[Dragon 3],U,Unapproved screening result,airborne-avoidance,0,0,1,1,,,,0,0,{},
4503140,[Dragon 4],U,Unapproved screening result,airborne-avoidance,0,0,1,1,,245030140,,2,1,{},
4503151,[Dragon 4] Bullet,U,Unapproved screening result,small-short-enemy-bullet,0,0,0,1,4503151,245030151,,2,1,{},
4503161,[Dragon 4] Bullet,U,Unapproved screening result,small-short-enemy-bullet,0,0,0,1,4503161,245030161,,2,1,{},
4503201,[Dragon 4] Bullet,U,Unapproved screening result,airborne-avoidance,0,0,1,1,4503201,245030201,,2,1,{},
4503211,[Dragon 4] Bullet,U,Unapproved screening result,airborne-avoidance,0,0,1,1,4503211,245030211,,2,1,{},
4503231,[Dragon 4] Bullet,U,Unapproved screening result,small-short-enemy-bullet,0,0,0,1,4503231,245030231;245030230,,2,1,{},
4503241,[Dragon 4] Bullet,U,Unapproved screening result,small-short-enemy-bullet,0,0,0,1,4503241,245030241;245030240,,2,1,{},
4503250,[Dragon 4],U,Unapproved screening result,airborne-avoidance,0,0,1,1,,245030250,,2,1,{},
4503271,[Dragon 4] Bullet,U,Unapproved screening result,airborne-avoidance,0,0,1,1,4503271,245030271,,2,1,{},
4503281,[Dragon 4] Bullet,U,Unapproved screening result,airborne-avoidance,0,0,1,1,4503281,245030281,,2,1,{},
4503291,[Dragon 4] Bullet,U,Unapproved screening result,small-short-enemy-bullet,0,0,0,1,4503291,245030291;245030290,,2,1,{},
4503301,[Dragon 4] Bullet,U,Unapproved screening result,small-short-enemy-bullet,0,0,0,1,4503301,245030301;245030300,,2,1,{},
4503311,[Dragon 4] Bullet,U,Unapproved screening result,airborne-avoidance,0,0,1,1,4503311,245030311,,2,1,{},
4503331,[Dragon 4] Bullet,U,Unapproved screening result,small-short-enemy-bullet,0,0,0,1,4503331,245030331;245030330,,2,1,{},
4503341,[Dragon 4] Bullet,U,Unapproved screening result,small-short-enemy-bullet,0,0,0,1,4503341,245030341;245030340,,2,1,{},
4503911,[Dragon 4],U,Unapproved screening result,airborne-avoidance,0,0,1,1,,,,0,0,{},
4510241,[Ancient Dragon] Bullet,U,Unapproved screening result,small-short-enemy-bullet,0,0,0,0,4510241,245100241,,16,9,{},
4510252,[Ancient Dragon] Bullet,U,Unapproved screening result,small-short-enemy-bullet,0,0,0,0,4510252,245100252,,16,9,{},
4510253,[Ancient Dragon] Bullet,U,Unapproved screening result,small-short-enemy-bullet,0,0,0,0,4510253,245100253,,16,9,{},
4510381,[Ancient Dragon] Landing,U,Unapproved screening result,airborne-avoidance,0,0,1,0,,245100381,,16,9,{},
4510800,[Ancient Dragon] Bullet - Stake Slame AoE,U,Unapproved screening result,name,0,0,0,0,4510800,245100800,c4510:3007@4.767;c4510:3016@5.100;c4510:3019@5.467;c4510:3025@2.067;c4510:3026@1.733;c4510:3027@2.567,16,9,{},
4510801,[Ancient Dragon] Bullet - Stake Slam Wave,C,Ancient Dragon stake wave,name;small-floor-probe;small-short-enemy-bullet,0,0,0,0,4510500;4510501;4510502;4510503;4510504;4510505;4510506;4510507;4510508;4510509;4510510;4510511;4510512;4510513;4510514;4510515;4510516;4510517;4510518;4510519;4510520;4510521;4510522;4510523;4510524;4510525;4510526;4510527;4510528;4510529;4510801;4510802;4510803;4510804,245100801;245100802;245100803;245100804,c4510:3007@4.767;c4510:3016@5.100;c4510:3019@5.467;c4510:3025@2.067;c4510:3026@1.733;c4510:3027@2.567,16,9,{},
4510810,[Ancient Dragon] Bullet,U,Unapproved screening result,small-short-enemy-bullet,0,0,0,0,4510811;4510832;4510841;4510842;4510843;4510844;4510845;4510846;4510847;4510848;4510849;4510850;4510851;4510852;4510853;4510854;4510855;4510856;4510857;4510858;4510859;4510860;4510861;4510862;4510863;4510864;4510865;4510866;4510867;4510868;4510869;4510870,245100810;245100830,c4510:3023@1.167;c4510:3024@1.533,16,9,{},
4510900,[Ancient Dragon] Bullet,U,Unapproved screening result,airborne-avoidance;small-short-enemy-bullet,0,0,1,0,4510900,245100900,,16,9,{},
4510901,[Ancient Dragon] Flying Slam,U,Unapproved screening result,airborne-avoidance;name,0,0,1,0,,245100901,c4510:3011@4.900;c4510:3012@2.800;c4510:3013@3.767,16,9,{},
4510910,[Ancient Dragon] Bullet - Close Shock Explode,U,Unapproved screening result,name;small-short-enemy-bullet,0,0,0,0,4510912;4510932;4510941;4510951;4510963;4510972,245100940;245100950;245100910;245100930;245100935;245100970;1131;245100960,c0000:30000@0.333;c0000:30000@0.400;c0000:30000@0.433;c0000:30000@0.467;c0000:30000@0.500;c0000:30000@0.533;c0000:30000@0.567;c0000:30000@0.600;c0000:30000@0.633;c0000:30000@0.667;c0000:30000@0.733;c0000:30000@0.767;c0000:30000@0.867;c0000:41150@0.600;c4510:3000@1.700;c4510:3000@3.100;c4510:3000@3.133;c4510:3000@3.167;c4510:3000@3.200;c4510:3001@2.200;c4510:3002@1.900;c4510:3002@1.933;c4510:3002@1.967;c4510:3002@2.000;c4510:3003@1.300;c4510:3003@1.333;c4510:3003@1.367;c4510:3003@1.400;c4510:3003@1.433;c4510:3003@1.467;c4510:3004@1.900;c4510:3005@0.867;c4510:3005@0.933;c4510:3005@0.967;c4510:3005@1.000;c4510:3005@1.033;c4510:3006@1.900;c4510:3006@4.100;c4510:3006@4.133;c4510:3006@4.167;c4510:3006@4.200;c4510:3006@4.233;c4510:3029@1.667;c4510:3029@3.167;c4510:3030@1.667;c4510:3030@3.167;c4510:3031@2.000;c4510:3032@1.267;c4510:3032@1.300;c4510:3032@1.333;c4510:3032@1.367;c4510:3033@1.733;c4510:3033@1.767;c4510:3033@1.800;c4510:3033@1.833;c4510:3033@1.867;c4510:3034@1.267;c4510:3034@1.300;c4510:3034@1.333;c4510:3034@1.367,104,581,{},
4510920,[Ancient Dragon] Bullet,U,Unapproved screening result,airborne-avoidance;small-short-enemy-bullet,0,0,1,0,4510920,245100920,c4510:3000@1.700;c4510:3004@1.900;c4510:3031@2.000,16,9,{},
4510921,[Ancient Dragon] Bullet,U,Unapproved screening result,airborne-avoidance,0,0,1,0,4510921,245100921,c4510:3001@2.200,16,9,{},
4510922,[Ancient Dragon] Bullet,U,Unapproved screening result,small-short-enemy-bullet,0,0,0,0,4510922,245100922,c4510:3000@1.700;c4510:3004@1.900;c4510:3006@1.900;c4510:3031@2.000,16,9,{},
4510980,[Ancient Dragon] Close Trigger Shock,U,Unapproved screening result,name,0,1,0,0,4510980,245100980;1130,c0000:30000@0.333;c0000:30000@0.400;c0000:30000@0.433;c0000:30000@0.467;c0000:30000@0.500;c0000:30000@0.533;c0000:30000@0.567;c0000:30000@0.600;c0000:30000@0.633;c0000:30000@0.667;c0000:30000@0.733;c0000:30000@0.767;c0000:30000@0.867;c0000:41150@0.600,104,581,{},
4520320,[Dragonlord Placidusax] Bullet,U,Unapproved screening result,small-short-enemy-bullet,0,0,0,0,4520321,245200320,c4520:3022@3.467;c4520:3023@3.467,3,1,{},
4520900,[Dragonlord Placidusax] Bullet - Lightning,U,Unapproved screening result,small-short-enemy-bullet,0,0,0,0,4520343;4520349;4520903;4520923;4520933;4520939;4520943,245200340;245200920;245200930;245200940;245200345;245200935,c4520:20000@5.700;c4520:20015@12.633;c4520:20015@3.633;c4520:20015@6.633;c4520:20015@7.867;c4520:20015@9.633;c4520:20016@1.467;c4520:20016@12.633;c4520:20016@4.467;c4520:20016@7.467;c4520:20017@0.000;c4520:20017@3.000;c4520:20017@6.000;c4520:20017@9.000;c4520:3024@12.633;c4520:3024@3.633;c4520:3024@6.633;c4520:3024@8.133;c4520:3024@9.633,3,1,{},
4550160,[Giant Dog] Stomp,U,Unapproved screening result,name,0,0,0,0,,245500160,c4550:3006@1.067,23,30,{},
4550161,[Giant Dog] Stomp,U,Unapproved screening result,name,0,0,0,0,,245500161,c4550:3010@1.067,23,30,{},
4550201,[Giant Dog] Stomp,U,Unapproved screening result,name,0,0,0,0,,245500201,c4550:3011@1.100,23,30,{},
4550211,[Giant Dog] Stomp,U,Unapproved screening result,name,0,0,0,0,,245500211,c4550:3017@1.000;c4550:3017@1.567;c4550:3017@1.933;c4550:3017@2.400,23,30,{},
4550212,[Giant Dog] Stomp,U,Unapproved screening result,name,0,0,0,0,,245500212,c4550:3017@0.833;c4550:3017@1.367;c4550:3017@1.667;c4550:3017@2.167;c4550:3017@2.567,23,30,{},
4550221,[Giant Dog] Bullet,D,Small mouth and torso false positives,airborne-avoidance;small-short-enemy-bullet,0,0,1,0,4550221,245500221,c4550:3016@1.367,23,30,{},
4550241,[Giant Dog] Stomp,U,Unapproved screening result,name,0,0,0,0,,245500241,c4550:3019@0.667,23,30,{},
4550950,[Giant Dog] Bullet,U,Unapproved screening result,small-short-enemy-bullet,0,1,0,1,4550950,245500950,c4550:3018@1.100,23,30,{},
4560150,[Giant Crow] Stomp,U,Unapproved screening result,name,0,0,0,0,,245600150,c4560:3006@1.933,9,13,{},
4560151,[Giant Crow] Stomp AoE,U,Unapproved screening result,name,0,0,0,0,,245600151,c4560:3006@2.033,9,13,{},
4560160,[Giant Crow] Stomp,U,Unapproved screening result,name,0,0,0,0,,245600160,c4560:3007@1.933;c4560:3021@3.400,9,13,{},
4560161,[Giant Crow] Stomp AoE,U,Unapproved screening result,name,0,0,0,0,,245600161,c4560:3007@2.033,9,13,{},
4560180,[Giant Crow] Stomp,U,Unapproved screening result,name,0,0,0,0,,245600180,c4560:3013@1.133,9,13,{},
4560181,[Giant Crow] Stomp AoE,U,Unapproved screening result,name,0,0,0,0,,245600181,c4560:3013@1.233,9,13,{},
4560200,[Giant Crow] Stomp,U,Unapproved screening result,name,0,0,0,0,,245600200,c4560:3022@1.567,9,13,{},
4560201,[Giant Crow] Stomp AoE,U,Unapproved screening result,name,0,0,0,0,,245600201,c4560:3022@1.667,9,13,{},
4560210,[Giant Crow] Stomp,U,Unapproved screening result,name,0,0,0,0,,245600210,c4560:20000@2.233;c4560:20001@0.133,9,13,{},
4560211,[Giant Crow] Stomp AoE,U,Unapproved screening result,name,0,0,0,0,,245600211,c4560:20000@2.567;c4560:20001@0.167,9,13,{},
4560510,[Giant Crow] Stomp,U,Unapproved screening result,name,0,0,0,0,,245600510,c4560:3016@4.400;c4560:3017@3.933,9,13,{},
4560511,[Giant Crow] Stomp AoE,U,Unapproved screening result,name,0,0,0,0,,245600511,c4560:3016@4.500;c4560:3017@4.033;c4560:3021@3.467,9,13,{},
4580100,[Wormface 2] Stomp 4,U,Unapproved screening result,name,0,0,0,1,,245800100,c4580:3000@1.033,6,3,{},
4580110,[Wormface 2] Stomp 5,U,Unapproved screening result,name,0,0,0,1,,245800110,c4580:3001@1.400,6,3,{},
4600101,[Troll Knight] Bullet,B,Local Troll ground impacts,airborne-avoidance;small-short-enemy-bullet,0,0,1,1,4600101,246000101,c4600:3000@0.833,51,45,{},P2
4600103,[Troll Knight] Bullet,B,Local Troll ground impacts,airborne-avoidance;small-short-enemy-bullet,0,0,1,1,4600103,246000103,c4600:3000@1.933,51,45,{},
4600121,[Troll Knight] Bullet,B,Local Troll ground impacts,airborne-avoidance;small-short-enemy-bullet,0,0,1,1,4600121,246000121,c4600:3002@1.533,51,45,{},
4600131,[Troll Knight] Bullet,B,Local Troll ground impacts,airborne-avoidance;small-short-enemy-bullet,0,0,1,1,4600131,246000131,c4600:2003020@0.667;c4600:3003@0.667,51,45,{},P2
4600141,[Troll Knight] Bullet,B,Additional Troll foot bursts,airborne-avoidance;small-short-enemy-bullet,0,0,1,1,4600141,246000141,c4600:2003021@1.000;c4600:3004@1.000,51,45,{},P2
4600171,[Troll Knight] Bullet,B,Additional Troll foot bursts,airborne-avoidance;small-short-enemy-bullet,0,0,1,1,4600171,246000171,c4600:3007@0.833,51,45,{},P2
4600181,[Troll Knight] Bullet,B,Additional Troll foot bursts,airborne-avoidance;small-short-enemy-bullet,0,0,1,1,4600181,246000181,c4600:3008@1.033,51,45,{},P2
4600202,[Troll Knight] Bullet,U,Unapproved screening result,airborne-avoidance,0,0,1,1,4600202,246000202,c4600:3011@3.833,51,45,{},
4600211,[Troll Knight] Bullet,B,Additional Troll foot bursts,airborne-avoidance;small-short-enemy-bullet,0,0,1,1,4600211,246000211,c4600:3012@0.833,51,45,{},P2
4600222,[Troll Knight] Bullet,U,Unapproved screening result,airborne-avoidance,0,0,1,1,4600222,246000222,c4600:20026@3.767;c4600:3018@3.767,51,45,{},
4600251,[Troll Knight] Bullet,B,Additional Troll hand and weapon pulses,airborne-avoidance;small-short-enemy-bullet,0,0,1,1,4600251,246000251,c4600:3030@1.700,51,45,{},
4600261,[Troll Knight] Bullet,B,Additional Troll hand and weapon pulses,airborne-avoidance;small-short-enemy-bullet,0,0,1,1,4600261,246000261,c4600:3037@1.700,51,45,{},
4600272,[Troll Knight] Bullet,U,Unapproved screening result,airborne-avoidance,0,0,1,1,4600272,246000272,,51,45,{},
4600311,[Troll Knight] Bullet,B,Additional Troll foot bursts,airborne-avoidance;small-short-enemy-bullet,0,0,1,1,4600311,246000311,c4600:1003012@1.600;c4600:3003012@1.600,51,45,{},P2
4600321,[Troll Knight] Bullet,U,Unapproved screening result,airborne-avoidance,0,0,1,1,4600321,246000321,c4600:1003013@1.267,51,45,{},
4600331,[Troll Knight] Bullet,U,Unapproved screening result,airborne-avoidance;small-short-enemy-bullet,0,0,1,1,4600331,246000331,,51,45,{},
4600342,[Troll Knight] Bullet,U,Unapproved screening result,airborne-avoidance,0,0,1,1,4600342,246000342,c4600:1003015@1.400,51,45,{},
4600344,[Troll Knight] Bullet,B,Additional Troll foot bursts,airborne-avoidance;small-short-enemy-bullet,0,0,1,1,4600344,246000344,c4600:1003015@2.933;c4600:3003015@2.933,51,45,{},P2
4600347,[Troll Knight] Bullet,U,Unapproved screening result,airborne-avoidance,0,0,1,1,4600347,246000347,c4600:1003015@3.733,51,45,{},
4600351,[Troll Knight] Bullet,B,Additional Troll foot bursts,airborne-avoidance;small-short-enemy-bullet,0,0,1,1,4600351,246000351,c4600:1003014@1.033;c4600:1003016@1.267;c4600:3003014@1.033;c4600:3003016@1.267,51,45,{},P2
4600362,[Troll Knight] Bullet,U,Unapproved screening result,airborne-avoidance,0,0,1,1,4600362,246000362,c4600:1003017@3.200,51,45,{},
4600371,[Troll Knight] Bullet,U,Unapproved screening result,airborne-avoidance,0,0,1,1,4600371,246000371,c4600:1003019@2.767;c4600:1003020@3.933,51,45,{},
4600381,[Troll Knight] Bullet,B,Additional Troll hand and weapon pulses,airborne-avoidance;small-short-enemy-bullet,0,0,1,1,4600381,246000381,c4600:1003021@2.733,51,45,{},
4600402,[Troll Knight] Bullet,U,Unapproved screening result,airborne-avoidance,0,0,1,1,4600402,246000402,c4600:1003023@2.700,51,45,{},
4600411,[Troll Knight] Bullet,U,Unapproved screening result,airborne-avoidance,0,0,1,1,4600411,246000411,c4600:1003033@1.000,51,45,{},
4600422,[Troll Knight] Bullet,U,Unapproved screening result,airborne-avoidance,0,0,1,1,4600422,246000422,c4600:1003034@1.000,51,45,{},
4600432,[Troll Knight] Bullet,U,Unapproved screening result,airborne-avoidance,0,0,1,1,4600432,246000432,c4600:1003035@1.800;c4600:1003036@1.800,51,45,{},
4600448,[Troll Knight] Bullet,B,Additional Troll foot bursts,airborne-avoidance;small-short-enemy-bullet,0,0,1,1,4600448,246000448,c4600:1003037@4.100,51,45,{},P2
4600449,[Troll Knight] Bullet,U,Unapproved screening result,airborne-avoidance,0,0,1,1,4600449,246000449,c4600:1003037@4.400,51,45,{},
4600450,[Troll Knight] Bullet,B,Additional Troll foot bursts,airborne-avoidance;small-short-enemy-bullet,0,0,1,1,4600450,246000450,c4600:1003037@5.433,51,45,{},P2
4600451,[Troll Knight] Bullet,U,Unapproved screening result,airborne-avoidance,0,0,1,1,4600451,246000451,c4600:1003037@5.633,51,45,{},
4600452,[Troll Knight] Bullet,U,Unapproved screening result,airborne-avoidance,0,0,1,1,4600452,246000452,c4600:1003037@6.700,51,45,{},
4600453,[Troll Knight] Bullet,U,Unapproved screening result,airborne-avoidance,0,0,1,1,4600453,246000453,c4600:1003037@7.467,51,45,{},
4600463,[Troll Knight] Bullet,B,Additional Troll foot bursts,airborne-avoidance;small-short-enemy-bullet,0,0,1,1,4600463,246000463,c4600:1003038@2.500,51,45,{},P2
4600464,[Troll Knight] Bullet,U,Unapproved screening result,airborne-avoidance,0,0,1,1,4600464,246000464,c4600:1003038@3.167,51,45,{},
4600465,[Troll Knight] Bullet,U,Unapproved screening result,airborne-avoidance,0,0,1,1,4600465,246000465,c4600:1003038@5.467,51,45,{},
4600466,[Troll Knight] Bullet,U,Unapproved screening result,airborne-avoidance,0,0,1,1,4600466,246000466;246000465,c4600:1003038@5.467,51,45,{},
4600471,[Troll Knight] Bullet,B,Additional Troll foot bursts,airborne-avoidance;small-short-enemy-bullet,0,0,1,1,4600471,246000471,c4600:1003015@1.067;c4600:3003015@1.067,51,45,{},P2
4600511,[Troll Knight] Bullet,U,Unapproved screening result,airborne-avoidance,0,0,1,1,4600511,246000511,c4600:3003013@1.267,51,45,{},
4600531,[Troll Knight] Bullet,U,Unapproved screening result,airborne-avoidance,0,0,1,1,4600531,246000531,c4600:3003015@1.400,51,45,{},
4600533,[Troll Knight] Bullet,U,Unapproved screening result,airborne-avoidance,0,0,1,1,4600533,246000533,c4600:3003015@3.733,51,45,{},
4600551,[Troll Knight] Bullet,U,Unapproved screening result,airborne-avoidance,0,0,1,1,4600551,246000551,c4600:3003017@3.200,51,45,{},
4600561,[Troll Knight] Bullet,U,Unapproved screening result,airborne-avoidance,0,0,1,1,4600561,246000561,c4600:3003019@2.767;c4600:3003020@3.933,51,45,{},
4600571,[Troll Knight] Bullet,B,Additional Troll hand and weapon pulses,airborne-avoidance;small-short-enemy-bullet,0,0,1,1,4600571,246000571,c4600:3003021@2.733,51,45,{},
4600591,[Troll Knight] Bullet,U,Unapproved screening result,airborne-avoidance,0,0,1,1,4600591,246000591,c4600:3003023@2.700,51,45,{},
4600601,[Troll Knight] Bullet,U,Unapproved screening result,airborne-avoidance,0,0,1,1,4600601,246000601,c4600:3003033@1.000,51,45,{},
4600611,[Troll Knight] Bullet,U,Unapproved screening result,airborne-avoidance,0,0,1,1,4600611,246000611,c4600:3003034@1.000,51,45,{},
4600621,[Troll Knight] Bullet,U,Unapproved screening result,airborne-avoidance,0,0,1,1,4600621,246000621,c4600:3003035@1.800,51,45,{},
4600700,[Troll Knight] Bullet,U,Unapproved screening result,small-short-enemy-bullet,0,0,0,1,4600700,246000700,c4600:3022@2.700;c4600:3022@2.967;c4600:3022@3.700;c4600:3023@10.067;c4600:3023@10.900;c4600:3023@3.767;c4600:3023@4.167;c4600:3023@5.167;c4600:3023@5.500;c4600:3023@6.167;c4600:3023@7.167;c4600:3023@7.433;c4600:3023@7.767;c4600:3023@8.767;c4600:3023@9.300,51,45,{},
4600701,[Troll Knight] Bullet,U,Unapproved screening result,small-short-enemy-bullet,0,0,0,1,4600701,246000701,c4600:3022@2.700;c4600:3022@2.967;c4600:3022@3.700;c4600:3023@10.067;c4600:3023@10.900;c4600:3023@3.767;c4600:3023@4.167;c4600:3023@5.167;c4600:3023@5.500;c4600:3023@6.167;c4600:3023@7.167;c4600:3023@7.433;c4600:3023@7.767;c4600:3023@8.767;c4600:3023@9.300,51,45,{},
4600702,[Troll Knight] Bullet,U,Unapproved screening result,small-short-enemy-bullet,0,0,0,1,4600702,246000702,c4600:3022@2.700;c4600:3022@2.967;c4600:3022@3.700;c4600:3023@10.067;c4600:3023@10.900;c4600:3023@3.767;c4600:3023@4.167;c4600:3023@5.167;c4600:3023@5.500;c4600:3023@6.167;c4600:3023@7.167;c4600:3023@7.433;c4600:3023@7.767;c4600:3023@8.767;c4600:3023@9.300,51,45,{},
4600704,[Troll Knight] Bullet,U,Unapproved screening result,small-short-enemy-bullet,0,0,0,1,4600704,246000704;246000703;246000700;246000701;246000702;246000710;246000711;246000712;246000720;246000721;246000722;246000730;246000731;246000732,c4600:3022@2.700;c4600:3022@2.967;c4600:3022@3.700;c4600:3023@10.067;c4600:3023@10.167;c4600:3023@10.267;c4600:3023@10.367;c4600:3023@10.900;c4600:3023@11.000;c4600:3023@11.100;c4600:3023@11.200;c4600:3023@3.767;c4600:3023@4.167;c4600:3023@5.167;c4600:3023@5.500;c4600:3023@6.167;c4600:3023@7.167;c4600:3023@7.433;c4600:3023@7.767;c4600:3023@8.767;c4600:3023@8.867;c4600:3023@8.967;c4600:3023@9.067;c4600:3023@9.300;c4600:3023@9.400;c4600:3023@9.500;c4600:3023@9.600,51,45,{},
4600710,[Troll Knight] Bullet,U,Unapproved screening result,small-short-enemy-bullet,0,0,0,1,4600710,246000710,c4600:3023@10.167;c4600:3023@11.000;c4600:3023@8.867;c4600:3023@9.400,51,45,{},
4600711,[Troll Knight] Bullet,U,Unapproved screening result,small-short-enemy-bullet,0,0,0,1,4600711,246000711,c4600:3023@10.167;c4600:3023@11.000;c4600:3023@8.867;c4600:3023@9.400,51,45,{},
4600712,[Troll Knight] Bullet,U,Unapproved screening result,small-short-enemy-bullet,0,0,0,1,4600712,246000712,c4600:3023@10.167;c4600:3023@11.000;c4600:3023@8.867;c4600:3023@9.400,51,45,{},
4600720,[Troll Knight] Bullet,U,Unapproved screening result,small-short-enemy-bullet,0,0,0,1,4600720,246000720,c4600:3023@10.267;c4600:3023@11.100;c4600:3023@8.967;c4600:3023@9.500,51,45,{},
4600721,[Troll Knight] Bullet,U,Unapproved screening result,small-short-enemy-bullet,0,0,0,1,4600721,246000721,c4600:3023@10.267;c4600:3023@11.100;c4600:3023@8.967;c4600:3023@9.500,51,45,{},
4600722,[Troll Knight] Bullet,U,Unapproved screening result,small-short-enemy-bullet,0,0,0,1,4600722,246000722,c4600:3023@10.267;c4600:3023@11.100;c4600:3023@8.967;c4600:3023@9.500,51,45,{},
4600730,[Troll Knight] Bullet,U,Unapproved screening result,small-short-enemy-bullet,0,0,0,1,4600730,246000730,c4600:3023@10.367;c4600:3023@11.200;c4600:3023@9.067;c4600:3023@9.600,51,45,{},
4600731,[Troll Knight] Bullet,U,Unapproved screening result,small-short-enemy-bullet,0,0,0,1,4600731,246000731,c4600:3023@10.367;c4600:3023@11.200;c4600:3023@9.067;c4600:3023@9.600,51,45,{},
4600732,[Troll Knight] Bullet,U,Unapproved screening result,small-short-enemy-bullet,0,0,0,1,4600732,246000732,c4600:3023@10.367;c4600:3023@11.200;c4600:3023@9.067;c4600:3023@9.600,51,45,{},
4600930,[Troll Knight] Bullet,U,Unapproved screening result,small-short-enemy-bullet,0,0,0,1,4600930,246000930,c4600:20021@0.000,51,45,{},
4600940,[Troll Knight] Bullet,U,Unapproved screening result,airborne-avoidance,0,0,1,1,4600940,246000940,c4600:20006@0.033,51,45,{},
4600971,[Troll Knight] Bullet,D,Small mouth and torso false positives,small-short-enemy-bullet,0,0,0,1,4600971,246000971;246000970;253900970,c4600:20030@1.267;c5390:20030@1.267,68,50,{},
4620110,[Astel] Hand Slam,U,Unapproved screening result,name,0,0,0,0,,246200110,c4620:3001@2.167;c4620:3023@1.100,13,6,{},
4620120,[Astel] Hand Slam,U,Unapproved screening result,name,0,0,0,0,,246200120,c4620:3002@2.167,13,6,{},
4620220,[Astel] Bullet - Laser,U,Unapproved screening result,small-short-enemy-bullet,0,0,0,0,4620220,246200220,c4620:3003012@2.800;c4620:3012@2.800,13,6,{},
4620261,[Astel] Bullet - Gravity Slam,D,Ground pull and giant explosions,name,1,0,0,0,4620261,246200261,c4620:3016@2.933;c4620:4110@0.000,13,6,{},
4620262,[Astel] Bullet - Gravity Slam,D,Ground pull and giant explosions,name,0,0,0,0,4620262,246200262,c4620:3016@6.333;c4620:4110@3.433,13,6,{},
4620340,[Astel] Hand Slam,U,Unapproved screening result,name,0,0,0,0,,246200340,c4620:3024@4.367,13,6,{},
4620341,[Astel] Hand Slam,U,Unapproved screening result,name,0,0,0,0,,246200341,c4620:3024@4.367,13,6,{},
4620500,[Astel] Bullet - Hand Star Explode,U,Unapproved screening result,small-short-enemy-bullet,0,0,0,1,4620903;4620913,246200900;246200910,c4620:3004@1.800;c4620:3005@1.133;c4620:3005@1.267;c4620:3006@2.200;c4620:3006@2.267;c4620:3009@1.000;c4620:3009@1.133;c4620:3014@1.333;c4620:3019@2.267;c4620:3023@1.133;c4620:3025@1.300;c4620:3026@1.767,13,6,{},
4620560,[Astel] Bullet,U,Unapproved screening result,small-short-enemy-bullet,0,0,0,0,4620565;4620566;4620575;4620576;4620585;4620586;4620595;4620596,246200560;246200570;246200580;246200590,c4620:3013@2.333;c4620:3013@4.433,13,6,{},
4620561,[Astel] Bullet,U,Unapproved screening result,small-short-enemy-bullet,0,0,0,0,4620567;4620577;4620587;4620597,246200560;246200570;246200580;246200590,c4620:3013@2.333;c4620:3013@4.433,13,6,{},
4620600,[Astel] Bullet,U,Unapproved screening result,small-short-enemy-bullet,0,0,0,1,4620603;4620604,246200600,c4620:2003015@4.033;c4620:2003015@4.533;c4620:2003015@5.033;c4620:2003015@5.533,13,6,{},
4630260,[Runebear] Bullet,U,Unapproved screening result,small-short-enemy-bullet,0,0,0,1,4630260;4630261,246300260;257800260,c4630:3007@1.400;c5780:3007@1.400,27,29,{},
4630410,[Runebear] AoE,C,Runebear local ground AoEs,airborne-avoidance,0,0,1,1,,246300410,c4630:20003@2.233;c4630:3002@2.167;c4630:3036@1.367;c4630:3038@2.233,21,25,{},
4630411,[Runebear] AoE Small,C,Runebear local ground AoEs,airborne-avoidance,0,0,1,1,,246300411,c4630:3021@1.500;c4630:3024@1.833;c4630:3024@2.667;c4630:3034@1.367;c4630:3034@2.200;c4630:3036@1.533,21,25,{},
4640280,[Ulcerated Tree Spirit] Bullet,U,Unapproved screening result,small-short-enemy-bullet,0,0,0,0,4640284,246400280,,12,10,{},
4640480,[Ulcerated Tree Spirit] Bullet,U,Unapproved screening result,small-short-enemy-bullet,0,0,0,0,4640484,246400480;259600480,,18,14,{},
4650132,[Dragonkin Soldier] Bullet,C,Dragonkin selected ground bursts,airborne-avoidance;small-short-enemy-bullet,0,0,1,1,4650132,246500132,c4650:3003@1.467,11,7,{},
4650141,[Dragonkin Soldier] Bullet,C,Dragonkin selected ground bursts,airborne-avoidance;small-short-enemy-bullet,0,0,1,1,4650141,246500141,c4650:3004@1.167,11,7,{},
4650152,[Dragonkin Soldier] Bullet,C,Dragonkin selected ground bursts,airborne-avoidance;small-short-enemy-bullet,0,0,1,1,4650152,246500152,c4650:3005@1.100,11,7,{},
4650162,[Dragonkin Soldier] Bullet,C,Dragonkin selected ground bursts,airborne-avoidance;small-short-enemy-bullet,0,0,1,1,4650162,246500162,c4650:3006@1.500,11,7,{},
4650182,[Dragonkin Soldier] Bullet,C,Dragonkin selected ground bursts,airborne-avoidance;small-short-enemy-bullet,0,0,1,1,4650182,246500182,c4650:3008@0.967,11,7,{},
4650194,[Dragonkin Soldier] Bullet,U,Unapproved screening result,airborne-avoidance;small-short-enemy-bullet,0,0,1,1,4650194,246500194,c4650:2003009@0.967;c4650:3009@0.967,11,7,{},
4650201,[Dragonkin Soldier] Bullet,U,Unapproved screening result,airborne-avoidance,0,0,1,1,4650201,246500201,c4650:3012@1.167,11,7,{},
4650221,[Dragonkin Soldier] Bullet,U,Unapproved screening result,airborne-avoidance,0,0,1,1,4650221,246500221,c4650:3014@3.100,11,7,{},
4650231,[Dragonkin Soldier] Bullet,U,Unapproved screening result,airborne-avoidance,0,0,1,1,4650231,246500231,c4650:3016@1.367,11,7,{},
4650254,[Dragonkin Soldier] Bullet,U,Unapproved screening result,airborne-avoidance,0,0,1,1,4650254,246500254,c4650:3018@1.467,11,7,{},
4650264,[Dragonkin Soldier] Bullet,U,Unapproved screening result,airborne-avoidance,0,0,1,1,4650264,246500264,c4650:3019@1.467,11,7,{},
4650271,[Dragonkin Soldier] Bullet,U,Unapproved screening result,airborne-avoidance,0,0,1,1,4650271,246500271,c4650:3027@1.200,11,7,{},
4650281,[Dragonkin Soldier] Bullet,U,Unapproved screening result,airborne-avoidance,0,0,1,1,4650281,246500281,c4650:3028@2.067,11,7,{},
4650298,[Dragonkin Soldier] Bullet,U,Unapproved screening result,airborne-avoidance;small-short-enemy-bullet,0,0,1,1,4650298,246500298,c4650:3029@3.833,11,7,{},
4650299,[Dragonkin Soldier] Bullet,U,Unapproved screening result,airborne-avoidance;small-short-enemy-bullet,0,0,1,1,4650299,246500299,c4650:3029@3.867,11,7,{},
4650300,[Dragonkin Soldier] Bullet,B,Dragonkin toe-impact subset,airborne-avoidance;small-short-enemy-bullet,0,0,1,1,4650300,246500300,c4650:3029@1.633,11,7,{},
4650301,[Dragonkin Soldier] Bullet,B,Dragonkin toe-impact subset,airborne-avoidance;small-short-enemy-bullet,0,0,1,1,4650301,246500301,c4650:3029@0.833,11,7,{},
4650432,[Dragonkin Soldier] Bullet,U,Unapproved screening result,airborne-avoidance;small-short-enemy-bullet,0,0,1,1,4650432,246500432,c4650:1003003@1.467,11,7,{},
4650441,[Dragonkin Soldier] Bullet,U,Unapproved screening result,airborne-avoidance;small-short-enemy-bullet,0,0,1,1,4650441,246500441,c4650:1003004@1.167,11,7,{},
4650452,[Dragonkin Soldier] Bullet,U,Unapproved screening result,airborne-avoidance;small-short-enemy-bullet,0,0,1,1,4650452,246500452,c4650:1003005@1.100,11,7,{},
4650462,[Dragonkin Soldier] Bullet,U,Unapproved screening result,airborne-avoidance;small-short-enemy-bullet,0,0,1,1,4650462,246500462,c4650:1003006@1.500,11,7,{},
4650482,[Dragonkin Soldier] Bullet,U,Unapproved screening result,airborne-avoidance;small-short-enemy-bullet,0,0,1,1,4650482,246500482,c4650:1003008@0.967,11,7,{},
4650494,[Dragonkin Soldier] Bullet,U,Unapproved screening result,airborne-avoidance;small-short-enemy-bullet,0,0,1,1,4650494,246500494,c4650:1003009@0.967,11,7,{},
4650502,[Dragonkin Soldier] Bullet,U,Unapproved screening result,airborne-avoidance;small-short-enemy-bullet,0,0,1,1,4650502,246500502,c4650:1003010@4.433;c4650:1003010@4.467,11,7,{},
4650504,[Dragonkin Soldier] Bullet,U,Unapproved screening result,small-short-enemy-bullet,0,0,0,1,4650504,246500504;246500503,c4650:1003010@3.567,11,7,{},
4650505,[Dragonkin Soldier] Bullet,U,Unapproved screening result,small-short-enemy-bullet,0,0,0,1,4650505,246500505;246500504;246500503,c4650:1003010@3.567,11,7,{},
4650506,[Dragonkin Soldier] Bullet,U,Unapproved screening result,small-short-enemy-bullet,0,0,0,1,4650506,246500506;246500505;246500504;246500503,c4650:1003010@3.567,11,7,{},
4650507,[Dragonkin Soldier] Bullet,U,Unapproved screening result,small-short-enemy-bullet,0,0,0,1,4650507,246500507;246500506;246500505;246500504;246500503,c4650:1003010@3.567,11,7,{},
4650508,[Dragonkin Soldier] Bullet,U,Unapproved screening result,small-short-enemy-bullet,0,0,0,1,4650508,246500508;246500507;246500506;246500505;246500504;246500503,c4650:1003010@3.567,11,7,{},
4650509,[Dragonkin Soldier] Bullet,U,Unapproved screening result,small-short-enemy-bullet,0,0,0,1,4650509,246500509;246500508;246500507;246500506;246500505;246500504;246500503,c4650:1003010@3.567,11,7,{},
4650510,[Dragonkin Soldier] Bullet,U,Unapproved screening result,small-short-enemy-bullet,0,0,0,1,4650510,246500510;246500509;246500508;246500507;246500506;246500505;246500504;246500503,c4650:1003010@3.567,11,7,{},
4650511,[Dragonkin Soldier] Bullet,U,Unapproved screening result,small-short-enemy-bullet,0,0,0,1,4650511,246500511;246500510;246500509;246500508;246500507;246500506;246500505;246500504;246500503,c4650:1003010@3.567,11,7,{},
4650514,[Dragonkin Soldier] Bullet,U,Unapproved screening result,small-short-enemy-bullet,0,0,0,1,4650514,246500514;246500513;246500512;246500505;246500506;246500507;246500508;246500509;246500510;246500511;246500522;246500523;246500524;246500525;246500526;246500527;246500528;246500532;246500533;246500534;246500535;246500536;246500537;246500538;246500504;246500521;246500531;246500503;246500520;246500530,c4650:1003010@3.567,11,7,{},
4650521,[Dragonkin Soldier] Bullet,U,Unapproved screening result,small-short-enemy-bullet,0,0,0,1,4650521,246500521;246500520,c4650:1003010@3.567,11,7,{},
4650522,[Dragonkin Soldier] Bullet,U,Unapproved screening result,small-short-enemy-bullet,0,0,0,1,4650522,246500522;246500521;246500520,c4650:1003010@3.567,11,7,{},
4650523,[Dragonkin Soldier] Bullet,U,Unapproved screening result,small-short-enemy-bullet,0,0,0,1,4650523,246500523;246500522;246500521;246500520,c4650:1003010@3.567,11,7,{},
4650524,[Dragonkin Soldier] Bullet,U,Unapproved screening result,small-short-enemy-bullet,0,0,0,1,4650524,246500524;246500523;246500522;246500521;246500520,c4650:1003010@3.567,11,7,{},
4650525,[Dragonkin Soldier] Bullet,U,Unapproved screening result,small-short-enemy-bullet,0,0,0,1,4650525,246500525;246500524;246500523;246500522;246500521;246500520,c4650:1003010@3.567,11,7,{},
4650526,[Dragonkin Soldier] Bullet,U,Unapproved screening result,small-short-enemy-bullet,0,0,0,1,4650526,246500526;246500525;246500524;246500523;246500522;246500521;246500520,c4650:1003010@3.567,11,7,{},
4650527,[Dragonkin Soldier] Bullet,U,Unapproved screening result,small-short-enemy-bullet,0,0,0,1,4650527,246500527;246500526;246500525;246500524;246500523;246500522;246500521;246500520,c4650:1003010@3.567,11,7,{},
4650531,[Dragonkin Soldier] Bullet,U,Unapproved screening result,small-short-enemy-bullet,0,0,0,1,4650531,246500531;246500530,c4650:1003010@3.567,11,7,{},
4650532,[Dragonkin Soldier] Bullet,U,Unapproved screening result,small-short-enemy-bullet,0,0,0,1,4650532,246500532;246500531;246500530,c4650:1003010@3.567,11,7,{},
4650533,[Dragonkin Soldier] Bullet,U,Unapproved screening result,small-short-enemy-bullet,0,0,0,1,4650533,246500533;246500532;246500531;246500530,c4650:1003010@3.567,11,7,{},
4650534,[Dragonkin Soldier] Bullet,U,Unapproved screening result,small-short-enemy-bullet,0,0,0,1,4650534,246500534;246500533;246500532;246500531;246500530,c4650:1003010@3.567,11,7,{},
4650535,[Dragonkin Soldier] Bullet,U,Unapproved screening result,small-short-enemy-bullet,0,0,0,1,4650535,246500535;246500534;246500533;246500532;246500531;246500530,c4650:1003010@3.567,11,7,{},
4650536,[Dragonkin Soldier] Bullet,U,Unapproved screening result,small-short-enemy-bullet,0,0,0,1,4650536,246500536;246500535;246500534;246500533;246500532;246500531;246500530,c4650:1003010@3.567,11,7,{},
4650537,[Dragonkin Soldier] Bullet,U,Unapproved screening result,small-short-enemy-bullet,0,0,0,1,4650537,246500537;246500536;246500535;246500534;246500533;246500532;246500531;246500530,c4650:1003010@3.567,11,7,{},
4650538,[Dragonkin Soldier] Bullet,U,Unapproved screening result,small-short-enemy-bullet,0,0,0,1,4650538,246500538;246500537;246500536;246500535;246500534;246500533;246500532;246500531;246500530,c4650:1003010@3.567,11,7,{},
4650582,[Dragonkin Soldier] Bullet,U,Unapproved screening result,airborne-avoidance;small-short-enemy-bullet,0,0,1,1,4650582,246500582,c4650:1003011@3.033,11,7,{},
4650584,[Dragonkin Soldier] Bullet,U,Unapproved screening result,small-short-enemy-bullet,0,0,0,1,4650584,246500584;246500583,c4650:1003011@2.200,11,7,{},
4650585,[Dragonkin Soldier] Bullet,U,Unapproved screening result,small-short-enemy-bullet,0,0,0,1,4650585,246500585;246500584;246500583,c4650:1003011@2.200,11,7,{},
4650586,[Dragonkin Soldier] Bullet,U,Unapproved screening result,small-short-enemy-bullet,0,0,0,1,4650586,246500586;246500585;246500584;246500583,c4650:1003011@2.200,11,7,{},
4650587,[Dragonkin Soldier] Bullet,U,Unapproved screening result,small-short-enemy-bullet,0,0,0,1,4650587,246500587;246500586;246500585;246500584;246500583,c4650:1003011@2.200,11,7,{},
4650588,[Dragonkin Soldier] Bullet,U,Unapproved screening result,small-short-enemy-bullet,0,0,0,1,4650588,246500588;246500587;246500586;246500585;246500584;246500583,c4650:1003011@2.200,11,7,{},
4650589,[Dragonkin Soldier] Bullet,U,Unapproved screening result,small-short-enemy-bullet,0,0,0,1,4650589,246500589;246500588;246500587;246500586;246500585;246500584;246500583,c4650:1003011@2.200,11,7,{},
4650590,[Dragonkin Soldier] Bullet,U,Unapproved screening result,small-short-enemy-bullet,0,0,0,1,4650590,246500590;246500589;246500588;246500587;246500586;246500585;246500584;246500583,c4650:1003011@2.200,11,7,{},
4650591,[Dragonkin Soldier] Bullet,U,Unapproved screening result,small-short-enemy-bullet,0,0,0,1,4650591,246500591;246500590;246500589;246500588;246500587;246500586;246500585;246500584;246500583,c4650:1003011@2.200,11,7,{},
4650594,[Dragonkin Soldier] Bullet,U,Unapproved screening result,small-short-enemy-bullet,0,0,0,1,4650594,246500594;246500593;246500592;246500585;246500586;246500587;246500588;246500589;246500590;246500591;246500602;246500603;246500604;246500605;246500606;246500607;246500608;246500612;246500613;246500614;246500615;246500616;246500617;246500618;246500584;246500601;246500611;246500583;246500600;246500610,c4650:1003011@2.200,11,7,{},
4650601,[Dragonkin Soldier] Bullet,U,Unapproved screening result,small-short-enemy-bullet,0,0,0,1,4650601,246500601;246500600,c4650:1003011@2.200,11,7,{},
4650602,[Dragonkin Soldier] Bullet,U,Unapproved screening result,small-short-enemy-bullet,0,0,0,1,4650602,246500602;246500601;246500600,c4650:1003011@2.200,11,7,{},
4650603,[Dragonkin Soldier] Bullet,U,Unapproved screening result,small-short-enemy-bullet,0,0,0,1,4650603,246500603;246500602;246500601;246500600,c4650:1003011@2.200,11,7,{},
4650604,[Dragonkin Soldier] Bullet,U,Unapproved screening result,small-short-enemy-bullet,0,0,0,1,4650604,246500604;246500603;246500602;246500601;246500600,c4650:1003011@2.200,11,7,{},
4650605,[Dragonkin Soldier] Bullet,U,Unapproved screening result,small-short-enemy-bullet,0,0,0,1,4650605,246500605;246500604;246500603;246500602;246500601;246500600,c4650:1003011@2.200,11,7,{},
4650606,[Dragonkin Soldier] Bullet,U,Unapproved screening result,small-short-enemy-bullet,0,0,0,1,4650606,246500606;246500605;246500604;246500603;246500602;246500601;246500600,c4650:1003011@2.200,11,7,{},
4650607,[Dragonkin Soldier] Bullet,U,Unapproved screening result,small-short-enemy-bullet,0,0,0,1,4650607,246500607;246500606;246500605;246500604;246500603;246500602;246500601;246500600,c4650:1003011@2.200,11,7,{},
4650608,[Dragonkin Soldier] Bullet,U,Unapproved screening result,small-short-enemy-bullet,0,0,0,1,4650608,246500608;246500607;246500606;246500605;246500604;246500603;246500602;246500601;246500600,c4650:1003011@2.200,11,7,{},
4650611,[Dragonkin Soldier] Bullet,U,Unapproved screening result,small-short-enemy-bullet,0,0,0,1,4650611,246500611;246500610,c4650:1003011@2.200,11,7,{},
4650612,[Dragonkin Soldier] Bullet,U,Unapproved screening result,small-short-enemy-bullet,0,0,0,1,4650612,246500612;246500611;246500610,c4650:1003011@2.200,11,7,{},
4650613,[Dragonkin Soldier] Bullet,U,Unapproved screening result,small-short-enemy-bullet,0,0,0,1,4650613,246500613;246500612;246500611;246500610,c4650:1003011@2.200,11,7,{},
4650614,[Dragonkin Soldier] Bullet,U,Unapproved screening result,small-short-enemy-bullet,0,0,0,1,4650614,246500614;246500613;246500612;246500611;246500610,c4650:1003011@2.200,11,7,{},
4650615,[Dragonkin Soldier] Bullet,U,Unapproved screening result,small-short-enemy-bullet,0,0,0,1,4650615,246500615;246500614;246500613;246500612;246500611;246500610,c4650:1003011@2.200,11,7,{},
4650616,[Dragonkin Soldier] Bullet,U,Unapproved screening result,small-short-enemy-bullet,0,0,0,1,4650616,246500616;246500615;246500614;246500613;246500612;246500611;246500610,c4650:1003011@2.200,11,7,{},
4650617,[Dragonkin Soldier] Bullet,U,Unapproved screening result,small-short-enemy-bullet,0,0,0,1,4650617,246500617;246500616;246500615;246500614;246500613;246500612;246500611;246500610,c4650:1003011@2.200,11,7,{},
4650618,[Dragonkin Soldier] Bullet,U,Unapproved screening result,small-short-enemy-bullet,0,0,0,1,4650618,246500618;246500617;246500616;246500615;246500614;246500613;246500612;246500611;246500610,c4650:1003011@2.200,11,7,{},
4650661,[Dragonkin Soldier] Bullet,U,Unapproved screening result,airborne-avoidance,0,0,1,1,4650661,246500661,c4650:1003012@1.167,11,7,{},
4650681,[Dragonkin Soldier] Bullet,U,Unapproved screening result,airborne-avoidance,0,0,1,1,4650681,246500681,c4650:1003016@1.367,11,7,{},
4650694,[Dragonkin Soldier] Bullet,U,Unapproved screening result,airborne-avoidance,0,0,1,1,4650694,246500694,c4650:1003018@1.467,11,7,{},
4650704,[Dragonkin Soldier] Bullet,U,Unapproved screening result,airborne-avoidance,0,0,1,1,4650704,246500704,c4650:1003019@1.467,11,7,{},
4650721,[Dragonkin Soldier] Bullet,U,Unapproved screening result,small-short-enemy-bullet,0,0,0,1,4650721,246500721;246500720,c4650:1003023@2.033,11,7,{},
4650722,[Dragonkin Soldier] Bullet,U,Unapproved screening result,small-short-enemy-bullet,0,0,0,1,4650722,246500722;246500721;246500720,c4650:1003023@2.033,11,7,{},
4650723,[Dragonkin Soldier] Bullet,U,Unapproved screening result,small-short-enemy-bullet,0,0,0,1,4650723,246500723;246500722;246500721;246500720,c4650:1003023@2.033,11,7,{},
4650724,[Dragonkin Soldier] Bullet,U,Unapproved screening result,small-short-enemy-bullet,0,0,0,1,4650724,246500724;246500723;246500722;246500721;246500720,c4650:1003023@2.033,11,7,{},
4650725,[Dragonkin Soldier] Bullet,U,Unapproved screening result,small-short-enemy-bullet,0,0,0,1,4650725,246500725;246500724;246500723;246500722;246500721;246500720,c4650:1003023@2.033,11,7,{},
4650726,[Dragonkin Soldier] Bullet,U,Unapproved screening result,small-short-enemy-bullet,0,0,0,1,4650726,246500726;246500725;246500724;246500723;246500722;246500721;246500720,c4650:1003023@2.033,11,7,{},
4650727,[Dragonkin Soldier] Bullet,U,Unapproved screening result,small-short-enemy-bullet,0,0,0,1,4650727,246500727;246500726;246500725;246500724;246500723;246500722;246500721;246500720,c4650:1003023@2.033,11,7,{},
4650728,[Dragonkin Soldier] Bullet,U,Unapproved screening result,small-short-enemy-bullet,0,0,0,1,4650728,246500728;246500727;246500726;246500725;246500724;246500723;246500722;246500721;246500720,c4650:1003023@2.033,11,7,{},
4650731,[Dragonkin Soldier] Bullet,U,Unapproved screening result,small-short-enemy-bullet,0,0,0,1,4650731,246500731;246500730;246500729;246500722;246500723;246500724;246500725;246500726;246500727;246500728;246500742;246500743;246500744;246500745;246500746;246500747;246500748;246500752;246500753;246500754;246500755;246500756;246500757;246500758;246500721;246500741;246500751;246500720;246500740;246500750,c4650:1003023@2.033,11,7,{},
4650741,[Dragonkin Soldier] Bullet,U,Unapproved screening result,small-short-enemy-bullet,0,0,0,1,4650741,246500741;246500740,c4650:1003023@2.033,11,7,{},
4650742,[Dragonkin Soldier] Bullet,U,Unapproved screening result,small-short-enemy-bullet,0,0,0,1,4650742,246500742;246500741;246500740,c4650:1003023@2.033,11,7,{},
4650743,[Dragonkin Soldier] Bullet,U,Unapproved screening result,small-short-enemy-bullet,0,0,0,1,4650743,246500743;246500742;246500741;246500740,c4650:1003023@2.033,11,7,{},
4650744,[Dragonkin Soldier] Bullet,U,Unapproved screening result,small-short-enemy-bullet,0,0,0,1,4650744,246500744;246500743;246500742;246500741;246500740,c4650:1003023@2.033,11,7,{},
4650745,[Dragonkin Soldier] Bullet,U,Unapproved screening result,small-short-enemy-bullet,0,0,0,1,4650745,246500745;246500744;246500743;246500742;246500741;246500740,c4650:1003023@2.033,11,7,{},
4650746,[Dragonkin Soldier] Bullet,U,Unapproved screening result,small-short-enemy-bullet,0,0,0,1,4650746,246500746;246500745;246500744;246500743;246500742;246500741;246500740,c4650:1003023@2.033,11,7,{},
4650747,[Dragonkin Soldier] Bullet,U,Unapproved screening result,small-short-enemy-bullet,0,0,0,1,4650747,246500747;246500746;246500745;246500744;246500743;246500742;246500741;246500740,c4650:1003023@2.033,11,7,{},
4650748,[Dragonkin Soldier] Bullet,U,Unapproved screening result,small-short-enemy-bullet,0,0,0,1,4650748,246500748;246500747;246500746;246500745;246500744;246500743;246500742;246500741;246500740,c4650:1003023@2.033,11,7,{},
4650751,[Dragonkin Soldier] Bullet,U,Unapproved screening result,small-short-enemy-bullet,0,0,0,1,4650751,246500751;246500750,c4650:1003023@2.033,11,7,{},
4650752,[Dragonkin Soldier] Bullet,U,Unapproved screening result,small-short-enemy-bullet,0,0,0,1,4650752,246500752;246500751;246500750,c4650:1003023@2.033,11,7,{},
4650753,[Dragonkin Soldier] Bullet,U,Unapproved screening result,small-short-enemy-bullet,0,0,0,1,4650753,246500753;246500752;246500751;246500750,c4650:1003023@2.033,11,7,{},
4650754,[Dragonkin Soldier] Bullet,U,Unapproved screening result,small-short-enemy-bullet,0,0,0,1,4650754,246500754;246500753;246500752;246500751;246500750,c4650:1003023@2.033,11,7,{},
4650755,[Dragonkin Soldier] Bullet,U,Unapproved screening result,small-short-enemy-bullet,0,0,0,1,4650755,246500755;246500754;246500753;246500752;246500751;246500750,c4650:1003023@2.033,11,7,{},
4650756,[Dragonkin Soldier] Bullet,U,Unapproved screening result,small-short-enemy-bullet,0,0,0,1,4650756,246500756;246500755;246500754;246500753;246500752;246500751;246500750,c4650:1003023@2.033,11,7,{},
4650757,[Dragonkin Soldier] Bullet,U,Unapproved screening result,small-short-enemy-bullet,0,0,0,1,4650757,246500757;246500756;246500755;246500754;246500753;246500752;246500751;246500750,c4650:1003023@2.033,11,7,{},
4650758,[Dragonkin Soldier] Bullet,U,Unapproved screening result,small-short-enemy-bullet,0,0,0,1,4650758,246500758;246500757;246500756;246500755;246500754;246500753;246500752;246500751;246500750,c4650:1003023@2.033,11,7,{},
4650781,[Dragonkin Soldier] Bullet,U,Unapproved screening result,airborne-avoidance,0,0,1,1,4650781,246500781,c4650:1003027@1.200,11,7,{},
4650791,[Dragonkin Soldier] Bullet,U,Unapproved screening result,airborne-avoidance,0,0,1,1,4650791,246500791,c4650:1003028@2.067,11,7,{},
4650808,[Dragonkin Soldier] Bullet,U,Unapproved screening result,airborne-avoidance;small-short-enemy-bullet,0,0,1,1,4650808,246500808,c4650:1003029@3.833,11,7,{},
4650809,[Dragonkin Soldier] Bullet,U,Unapproved screening result,airborne-avoidance;small-short-enemy-bullet,0,0,1,1,4650809,246500809,c4650:1003029@3.867,11,7,{},
4650810,[Dragonkin Soldier] Bullet,B,Dragonkin toe-impact subset,airborne-avoidance;small-short-enemy-bullet,0,0,1,1,4650810,246500810,c4650:1003029@1.633,11,7,{},
4650811,[Dragonkin Soldier] Bullet,B,Dragonkin toe-impact subset,airborne-avoidance;small-short-enemy-bullet,0,0,1,1,4650811,246500811,c4650:1003029@0.833,11,7,{},
4650826,[Dragonkin Soldier] Bullet,U,Unapproved screening result,airborne-avoidance;small-short-enemy-bullet,0,0,1,1,4650826,246500826,c4650:1003030@3.267,11,7,{},
4650827,[Dragonkin Soldier] Bullet,U,Unapproved screening result,airborne-avoidance;small-short-enemy-bullet,0,0,1,1,4650827,246500827,c4650:1003030@2.967,11,7,{},
4660310,[Guardian Golem] Bullet,U,Unapproved screening result,small-short-enemy-bullet,0,0,0,0,4660310;4660320,246600310;246600320,c4660:3007@2.600;c4660:3008@1.433;c4660:3021@3.900,41,20,{},
4660311,[Guardian Golem] Bullet,U,Unapproved screening result,small-short-enemy-bullet,0,0,0,0,4660311;4660321,246600311;246600321;246600320,c4660:3007@2.600;c4660:3021@3.900,41,20,{},
4660330,[Guardian Golem] Bullet,U,Unapproved screening result,small-short-enemy-bullet,0,0,0,0,4660330;4660331,246600330,c4660:3010@5.000,41,20,{},
4660501,[Guardian Golem] Bullet,D,Guardian Golem bow-impact false positives,airborne-avoidance;small-short-enemy-bullet,0,0,1,0,4660503;4660508,246600500;246600510;246600504;246600514,c4660:3030@7.700;c4660:3031@7.700,41,20,{},
4660506,[Guardian Golem] Bullet,D,Guardian Golem bow-impact false positives,airborne-avoidance,0,0,1,0,4660507,246600505;246600515,c4660:3030@7.700;c4660:3031@7.700,41,20,{},
4660610,[Guardian Golem] Bullet,U,Unapproved screening result,small-short-enemy-bullet,0,0,0,0,4660614;4660624;4660634,246600610;257900610;246600620;257900620;246600630;257900630,c4660:3025@3.233;c5790:3025@3.233,62,26,{},
4660740,[Guardian Golem] Bullet,C,Guardian Golem selected impacts,airborne-avoidance;small-short-enemy-bullet,0,0,1,0,4660740,246600740,c4660:3000@1.267;c4660:3016@0.600;c4660:3016@1.933;c4660:3016@2.900;c4660:3016@3.700;c4660:3017@0.600;c4660:3017@1.733;c4660:3018@0.867;c4660:3018@1.800;c4660:3018@2.667;c4660:3019@0.600;c4660:3020@0.967;c4660:3022@0.967,41,20,{},
4660741,[Guardian Golem] Bullet,C,Guardian Golem selected impacts,airborne-avoidance;small-short-enemy-bullet,0,0,1,0,4660741,246600741,c4660:3032@1.467;c4660:3032@3.133;c4660:3032@5.333,41,20,{},
4660750,[Guardian Golem] Bullet,C,Guardian Golem selected impacts,airborne-avoidance;small-short-enemy-bullet,0,0,1,0,4660750,246600750,c4660:3005@2.633;c4660:3010@1.800,41,20,{},
4660751,[Guardian Golem] Bullet,C,Guardian Golem selected impacts,airborne-avoidance;small-short-enemy-bullet,0,0,1,0,4660751,246600751,c4660:3000@1.367;c4660:3003@2.800;c4660:3016@2.200;c4660:3016@3.033;c4660:3016@3.800;c4660:3016@5.100;c4660:3017@1.967;c4660:3017@2.867;c4660:3017@3.833;c4660:3017@5.200;c4660:3018@1.033;c4660:3018@1.933;c4660:3018@2.700;c4660:3018@4.000;c4660:3019@0.867;c4660:3019@1.767;c4660:3019@2.733;c4660:3019@4.100;c4660:3020@3.200,41,20,{},
4660752,[Guardian Golem] Bullet,C,Guardian Golem selected impacts,airborne-avoidance,0,0,1,0,4660752,246600752,c4660:3003@4.767,41,20,{},
4660755,[Guardian Golem] Bullet,C,Guardian Golem selected impacts,airborne-avoidance;small-short-enemy-bullet,0,0,1,0,4660755,246600755,c4660:3005@2.633;c4660:3010@1.800,41,20,{},
4660756,[Guardian Golem] Bullet,C,Guardian Golem selected impacts,airborne-avoidance;small-short-enemy-bullet,0,0,1,0,4660756,246600756,c4660:3000@1.367;c4660:3003@2.800;c4660:3016@2.200;c4660:3016@3.033;c4660:3016@3.800;c4660:3016@5.100;c4660:3017@1.967;c4660:3017@2.867;c4660:3017@3.833;c4660:3017@5.200;c4660:3018@1.033;c4660:3018@1.933;c4660:3018@2.700;c4660:3018@4.000;c4660:3019@0.867;c4660:3019@1.767;c4660:3019@2.733;c4660:3019@4.100;c4660:3020@3.200;c4660:3025@1.133,41,20,{},
4660757,[Guardian Golem] Bullet,C,Guardian Golem selected impacts,airborne-avoidance,0,0,1,0,4660757,246600757,c4660:3003@4.767,41,20,{},
4670180,[Ancestor Spirit] Bullet,B,Ancestor Spirit forelimb pulses,airborne-avoidance;small-short-enemy-bullet,0,0,1,0,4670180,246700180,c4670:1003002@2.333;c4670:3002@2.333;c4670:3020@1.167;c4670:3020@1.200;c4670:3027@1.033,8,2,{},P2
4670210,[Ancestor Spirit] Bullet - Stomp AoE,C,Ancestor Spirit ground wave,airborne-avoidance;name,0,0,1,0,4670210,246700210,c4670:3008@1.933;c4670:3011@4.667;c4670:3012@4.667;c4670:3013@4.667;c4670:3014@4.667,8,2,{},
4670261,[Ancestor Spirit] Bullet,U,Unapproved screening result,airborne-avoidance;small-short-enemy-bullet,0,0,1,0,4670261;4670410,246700261;246700410,c4670:3026@1.500;c4670:3038@4.533,8,2,{},
4670262,[Ancestor Spirit] Front Stomp,U,Unapproved screening result,name,0,0,0,0,,246700262,c4670:3027@1.000,8,2,{},
4670290,[Ancestor Spirit] Bullet - Roll,U,Unapproved screening result,small-short-enemy-bullet,0,0,0,0,4670290,246700290,c4670:3019@0.000;c4670:3020@0.000;c4670:3029@0.000,8,2,{},
4670291,[Ancestor Spirit] Front Stomp,U,Unapproved screening result,name,0,0,0,0,,246700291,c4670:3020@1.133,8,2,{},
4670372,[Ancestor Spirit] Front Stomp,U,Unapproved screening result,name,0,0,0,0,,246700372,c4670:3008@1.833;c4670:3011@4.567;c4670:3012@4.567;c4670:3013@4.567;c4670:3014@4.567;c4670:3038@4.467,8,2,{},
4680135,[Fallingstar Beast] Bullet - Mouth Rock Shower,U,Unapproved screening result,small-short-enemy-bullet,0,0,0,0,4680135;4680136,246800135,c4680:3003@0.500;c4680:4100@4.800,5,3,{},
4680165,[Fallingstar Beast] Bullet - Mouth Rock Shower,U,Unapproved screening result,small-short-enemy-bullet,0,0,0,0,4680165;4680166,246800165,c4680:3006@2.400,5,3,{},
4680185,[Fallingstar Beast] Bullet - Feet AoE,C,Fallingstar foot AoE,airborne-avoidance;small-short-enemy-bullet,0,0,1,0,4680185,246800185,c4680:3008@1.467,5,3,{},
4680195,[Fallingstar Beast] Bullet - Tail Rock,U,Unapproved screening result,small-short-enemy-bullet,0,0,0,0,4680195;4680196,246800195,c4680:3009@2.233,5,3,{},
4680205,[Fallingstar Beast] Bullet - Tail Rock,U,Unapproved screening result,small-short-enemy-bullet,0,0,0,0,4680205;4680206,246800205,c4680:3010@2.067,5,3,{},
4680295,[Fallingstar Beast] Bullet - Ground Pullup,D,Ground pull and giant explosions,name,0,0,0,0,4680296,246800295,c4680:3019@0.467,5,3,{},
4680355,[Fallingstar Beast] Bullet,U,Unapproved screening result,small-short-enemy-bullet,0,0,0,0,4680355;4680356,246800355,c4680:3025@1.267,5,3,{},
4680455,[Fallingstar Beast] Bullet - Ground Pullup Large,D,Ground pull and giant explosions,name,0,0,0,0,4680456,246800455,c4680:3035@0.133,5,3,{},
4690180,[Grafted Scion] Shield Slam,D,Separate body and weapon contacts,name,0,0,0,1,,246900180,c4690:3008@1.467,7,5,{},
4690181,[Grafted Scion] AoE,B,Grafted Scion ground AoE,airborne-avoidance,0,0,1,1,,246900181,c4690:3008@1.533,7,5,{},
4690302,[Grafted Scion] Shield Slam,D,Separate body and weapon contacts,name,0,0,0,1,,246900302,c4690:3021@1.267;c4690:3021@2.100,7,5,{},
4690985,[Grafted Scion],U,Unapproved screening result,airborne-avoidance,0,0,1,1,,246900985,c4690:20003@2.700;c4690:20028@0.033;c4690:20029@0.033,7,5,{},
4710311,[God Devouring Serpent / Rykard Lord of Blasphemy] Bullet - Sword Pullup,U,Unapproved screening result,airborne-avoidance;small-short-enemy-bullet,0,0,1,0,4710311,247100311,c4710:1003023@5.633;c4710:1003024@2.200;c4710:1003024@3.033;c4710:1003024@4.167,8,3,{},
4710390,[God Devouring Serpent / Rykard Lord of Blasphemy] Ultimate Slam Sword,U,Unapproved screening result,name,0,0,0,0,,247100390,c4710:1003039@7.833,8,3,{},
4710391,[God Devouring Serpent / Rykard Lord of Blasphemy] Ultimate Slam Explosion,U,Unapproved screening result,name;small-short-enemy-bullet,0,0,0,0,4710730;4710790,247100391;247100700;247100701;247100750;247100751,c4710:1003003@3.533;c4710:1003039@7.967;c4710:1003039@8.000;c4710:3003@3.533;c4710:3010@1.100,8,3,{},
4710500,[God Devouring Serpent / Rykard Lord of Blasphemy] Bullet - Rykard's Rancor,U,Unapproved screening result,small-short-enemy-bullet,0,0,0,0,4710626;4710815;4710825;4710835,247100620;247100810;247100820;247100830,c4710:1003031@4.133;c4710:1003032@3.800,8,3,{},
4710541,[God Devouring Serpent / Rykard Lord of Blasphemy] Bullet - Spit,U,Unapproved screening result,airborne-avoidance,0,0,1,0,4710541,247100540;247100545,c4710:3014@2.000,8,3,{},
4710550,[God Devouring Serpent / Rykard Lord of Blasphemy] Bullet - Ground Pullup,D,Ground pull and giant explosions,name;small-short-enemy-bullet,0,0,0,0,4710550;4710551;4710561,247100550;247100551;247100560,c4710:3016@3.067,8,3,{},
4710555,[God Devouring Serpent / Rykard Lord of Blasphemy] Bullet - Ground Pullup,D,Ground pull and giant explosions,name,0,0,0,0,4710555,247100555,c4710:3016@3.067;c4710:3017@3.033;c4710:3018@3.033,8,3,{},
4710560,[God Devouring Serpent / Rykard Lord of Blasphemy] Bullet,U,Unapproved screening result,small-short-enemy-bullet,0,0,0,0,4710634;4710638,247100630;247100635,c4710:1003033@2.567;c4710:1003033@6.167,8,3,{},
4710600,[God Devouring Serpent / Rykard Lord of Blasphemy] Bullet - Lava,U,Unapproved screening result,airborne-avoidance,0,0,1,0,4710962,1071;247100960,,8,3,{},
4710601,[God Devouring Serpent / Rykard Lord of Blasphemy] Bullet,U,Unapproved screening result,airborne-avoidance,0,0,1,1,4710601,1070,,8,3,{},
4710611,[God Devouring Serpent / Rykard Lord of Blasphemy] Bullet,U,Unapproved screening result,small-short-enemy-bullet,0,0,0,0,4710514;4710611,247100610;247100512;247100511;247100510,,8,3,{},
4710950,[God Devouring Serpent / Rykard Lord of Blasphemy] Bullet,U,Unapproved screening result,small-short-enemy-bullet,0,0,0,1,4710961,247100960,,8,3,{},
4720112,[SACRED][Godfrey] Bullet - Stomp,U,Unapproved screening result,name;small-short-enemy-bullet,0,1,0,1,4720112,247200112,c4720:3001@2.300,4,2,"{""isDisableNoDamage"":{""vanilla"":0,""sovereign"":1}}",
4720114,[Godfrey] Bullet,A,Godfrey ordinary waves,airborne-avoidance;small-floor-probe;small-short-enemy-bullet,0,0,1,1,4720114,247200114;247200113;247200112;247200172;247200351;247200361;247200371;247200381,c4720:3001@2.300;c4720:3009@1.300;c4720:3034@1.033;c4720:6000@1.767;c4720:6002@1.633;c4720:6003@1.633,4,2,{},P1
4720172,[Godfrey] Bullet,U,Unapproved screening result,small-short-enemy-bullet,0,0,0,1,4720172,247200172,c4720:3009@1.300,4,2,{},
4720192,[Godfrey] Bullet,U,Unapproved screening result,airborne-avoidance,0,0,1,1,4720192,247200192,c4720:1003011@2.000;c4720:1003014@2.000;c4720:3011@2.000;c4720:3014@2.000,4,2,{},
4720193,[Godfrey] Bullet,U,Unapproved screening result,airborne-avoidance,0,0,1,1,4720193,247200193,c4720:3011@4.100;c4720:3014@4.000,4,2,{},
4720194,[Godfrey] Bullet - Huge Pullup,U,Unapproved screening result,airborne-avoidance,0,0,1,1,4720194,247200194,c4720:1003011@6.100;c4720:1003014@5.933;c4720:3011@6.100;c4720:3014@5.933,4,2,{},
4720251,[Godfrey] Bullet,U,Unapproved screening result,airborne-avoidance;small-short-enemy-bullet,0,0,1,1,4720251,247200251,c4720:3016@1.700,4,2,{},
4720281,[SACRED][Godfrey] Bullet - Phase Shift Stomp,C,Godfrey and Hoarah large waves,airborne-avoidance;name,0,1,1,1,4720281,247200281,c4720:3019@3.867,4,2,"{""isDisableNoDamage"":{""vanilla"":0,""sovereign"":1}}",
4720321,[Godfrey] Bullet,U,Unapproved screening result,airborne-avoidance;small-short-enemy-bullet,0,0,1,1,4720321,247200321,c4720:3031@1.233,4,2,{},
4720351,[Godfrey] Bullet,U,Unapproved screening result,small-short-enemy-bullet,0,0,0,1,4720351,247200351,c4720:3034@1.033,4,2,{},
4720361,[Godfrey] Bullet,U,Unapproved screening result,small-short-enemy-bullet,0,0,0,1,4720361,247200361,c4720:6000@1.767,4,2,{},
4720371,[Godfrey] Bullet - Non Full Screen,U,Unapproved screening result,small-short-enemy-bullet,0,0,0,1,4720371,247200371,c4720:6002@1.633,4,2,{},
4720381,[Godfrey] Bullet,U,Unapproved screening result,small-short-enemy-bullet,0,0,0,1,4720381,247200381,c4720:6003@1.633,4,2,{},
4720400,[Godfrey] Bullet - Full Screen,C,Godfrey and Hoarah large waves,airborne-avoidance,1,0,1,1,4720400,247200400,c4720:1003001@2.300;c4720:1003009@1.300;c4720:1003011@4.100;c4720:1003014@4.000;c4720:1003034@1.033;c4720:1006000@1.767;c4720:1006002@1.633;c4720:1006003@1.633;c4720:3019@3.900,4,2,{},
4721120,[Hoarah Loux],U,Unapproved screening result,airborne-avoidance,0,0,1,1,,247210120,c4721:3004@1.200,2,2,{},
4721140,[Hoarah Loux] Bullet - Stomp,U,Unapproved screening result,name;small-short-enemy-bullet,0,0,0,1,4721140,247210140,c4721:3005@1.600,2,2,{},
4721142,[Hoarah Loux] Bullet,A,Hoarah Loux ordinary waves,airborne-avoidance;small-floor-probe;small-short-enemy-bullet,0,0,1,1,4721142,247210142;247210141;247210140;247210270;247210390;247210420;247210431;247210451,c4721:3005@1.600;c4721:3018@0.800;c4721:3032@3.400;c4721:3034@1.033;c4721:3035@1.633;c4721:3037@1.300,2,2,{},P1
4721160,[Hoarah Loux] Bullet,U,Unapproved screening result,airborne-avoidance;small-short-enemy-bullet,0,0,1,1,4721160,247210160,c4721:3006@1.433,2,2,{},
4721220,[Hoarah Loux] Bullet,U,Unapproved screening result,airborne-avoidance;small-short-enemy-bullet,0,0,1,1,4721220,247210220,c4721:3012@1.700,2,2,{},
4721270,[Hoarah Loux] Bullet,U,Unapproved screening result,small-short-enemy-bullet,0,0,0,1,4721270,247210270,c4721:3018@0.800,2,2,{},
4721310,[Hoarah Loux] Bullet,U,Unapproved screening result,airborne-avoidance,0,0,1,1,4721310,247210310,c4721:3022@3.967,2,2,{},
4721311,[Hoarah Loux] Bullet,U,Unapproved screening result,airborne-avoidance,0,0,1,1,4721311,,,0,0,{},
4721370,[Hoarah Loux] Bullet,U,Unapproved screening result,airborne-avoidance;small-short-enemy-bullet,0,0,1,1,4721370,247210370,c4721:3031@1.533,2,2,{},
4721390,[Hoarah Loux] Bullet,U,Unapproved screening result,small-short-enemy-bullet,0,0,0,1,4721390,247210390,c4721:3032@3.400,2,2,{},
4721420,[Hoarah Loux] Bullet,U,Unapproved screening result,airborne-avoidance;small-short-enemy-bullet,0,0,1,1,4721420,247210420,c4721:3034@1.033,2,2,{},
4721431,[Hoarah Loux] Bullet,U,Unapproved screening result,small-short-enemy-bullet,0,0,0,1,4721431,247210431,c4721:3035@1.633,2,2,{},
4721441,[Hoarah Loux] Bullet,U,Unapproved screening result,airborne-avoidance;small-short-enemy-bullet,0,0,1,1,4721441,247210441,c4721:3036@1.567,2,2,{},
4721451,[Hoarah Loux] Bullet,U,Unapproved screening result,small-short-enemy-bullet,0,0,0,1,4721451,247210451,c4721:3037@1.300,2,2,{},
4721470,[Hoarah Loux] Bullet,U,Unapproved screening result,airborne-avoidance,0,0,1,1,4721470,247210470,c4721:1003038@1.700;c4721:3038@1.700,2,2,{},
4721471,[Hoarah Loux] Bullet,U,Unapproved screening result,airborne-avoidance,0,0,1,1,4721471,247210471,c4721:1003038@2.833;c4721:3038@2.833,2,2,{},
4721472,[Hoarah Loux] Bullet,U,Unapproved screening result,airborne-avoidance,0,0,1,1,4721472,247210472,c4721:1003038@5.300;c4721:3038@5.300,2,2,{},
4721600,[Hoarah Loux] Bullet - Full Screen,C,Godfrey and Hoarah large waves,airborne-avoidance,1,0,1,1,4721600,247210600,c4721:1003005@1.600;c4721:1003018@0.800;c4721:1003032@3.400;c4721:1003034@1.033;c4721:1003035@1.633;c4721:1003037@1.300;c4721:1003038@1.700;c4721:1003038@2.833;c4721:3022@3.967;c4721:3022@6.067,2,2,{},
4730223,[Starscourge Radahn] Bullet - Shockwave,U,Unapproved screening result,name,0,0,0,1,4730223,247300223,c4730:3012@1.900,2,1,{},
4730224,[Starscourge Radahn] Bullet - Shockwave,C,Starscourge Radahn physical waves,airborne-avoidance;name;small-short-enemy-bullet,0,0,1,1,4730224,247300224;247300223,c4730:3012@1.900,2,1,{},
4730225,[Starscourge Radahn] Bullet - Shockwave,U,Unapproved screening result,name,0,0,0,1,4730225,247300225,,2,1,{},
4730226,[Starscourge Radahn] Bullet - Shockwave,C,Starscourge Radahn physical waves,airborne-avoidance;name;small-short-enemy-bullet,0,0,1,1,4730226,247300226;247300225,,2,1,{},
4730233,[Starscourge Radahn] Bullet - Shockwave,U,Unapproved screening result,name,0,0,0,1,4730233,247300233,c4730:3013@1.900,2,1,{},
4730234,[Starscourge Radahn] Bullet - Shockwave,C,Starscourge Radahn physical waves,airborne-avoidance;name;small-short-enemy-bullet,0,0,1,1,4730234,247300234;247300233,c4730:3013@1.900,2,1,{},
4730235,[Starscourge Radahn] Bullet - Shockwave,U,Unapproved screening result,name,0,0,0,1,4730235,247300235,,2,1,{},
4730236,[Starscourge Radahn] Bullet - Shockwave,C,Starscourge Radahn physical waves,airborne-avoidance;name;small-short-enemy-bullet,0,0,1,1,4730236,247300236;247300235,,2,1,{},
4730336,[Starscourge Radahn] Bullet - Small Orbs Launched,U,Unapproved screening result,small-short-enemy-bullet,0,0,0,1,4730336,247300336;247300332;247300333;247300334;247300335,c4730:3025@1.433,2,1,{},
4730346,[Starscourge Radahn] Bullet - Meteor AoE,U,Unapproved screening result,small-short-enemy-bullet,0,0,0,1,4730346,247300346;247300342;247300343;247300344;247300345,c4730:3027@0.567;c4730:3027@0.600;c4730:3027@0.933;c4730:3027@0.967,2,1,{},
4730347,[Starscourge Radahn] Bullet,U,Unapproved screening result,small-short-enemy-bullet,0,0,0,1,4730347,247300347,c4730:3027@1.067,2,1,{},
4730351,[Starscourge Radahn] Bullet - Magic Shockwave,U,Unapproved screening result,name,0,0,0,1,4730351,247300351,c4730:3029@2.067,2,1,{},
4730352,[Starscourge Radahn] Bullet - Magic Shockwave,C,Starscourge Radahn magic waves,airborne-avoidance;name;small-short-enemy-bullet,0,0,1,1,4730352,247300352;247300351,c4730:3029@2.067,2,1,{},
4730353,[Starscourge Radahn] Bullet - Magic Shockwave,U,Unapproved screening result,name,0,0,0,1,4730353,247300353,c4730:3029@3.667,2,1,{},
4730354,[Starscourge Radahn] Bullet - Magic Shockwave,C,Starscourge Radahn magic waves,airborne-avoidance;name;small-short-enemy-bullet,0,0,1,1,4730354,247300354;247300353,c4730:3029@3.667,2,1,{},
4730367,[Starscourge Radahn] Bullet - Shockwave,U,Unapproved screening result,name,0,0,0,1,4730367,247300367,,2,1,{},
4730368,[Starscourge Radahn] Bullet - Shockwave,C,Starscourge Radahn physical waves,airborne-avoidance;name;small-short-enemy-bullet,0,0,1,1,4730368,247300368;247300367,,2,1,{},
4730372,[Starscourge Radahn] Bullet - Weak Shockwave,U,Unapproved screening result,name,0,0,0,1,4730372,247300372,c4730:3031@2.533,2,1,{},
4730373,[Starscourge Radahn] Bullet - Weak Shockwave,C,Starscourge Radahn physical waves,airborne-avoidance;name;small-short-enemy-bullet,0,0,1,1,4730373,247300373;247300372,c4730:3031@2.533,2,1,{},
4730374,[Starscourge Radahn] Bullet - Magic Shockwave,U,Unapproved screening result,name,0,0,0,1,4730374,247300374,c4730:3031@4.333,2,1,{},
4730375,[Starscourge Radahn] Bullet - Magic Shockwave,C,Starscourge Radahn magic waves,airborne-avoidance;name;small-short-enemy-bullet,0,0,1,1,4730375,247300375;247300374,c4730:3031@4.333,2,1,{},
4730384,[Starscourge Radahn] Bullet,U,Unapproved screening result,small-short-enemy-bullet,0,0,0,1,4730384,247300384;247300380;247300381;247300382;247300383;247300376;247300377;247300378;247300379,c4730:3031@4.233;c4730:3031@4.333;c4730:3031@4.433;c4730:3031@4.667,2,1,{},
4730385,[Starscourge Radahn] Bullet,U,Unapproved screening result,small-short-enemy-bullet,0,0,0,1,4730385,247300385;247300384;247300380;247300381;247300382;247300383;247300376;247300377;247300378;247300379,c4730:3031@4.233;c4730:3031@4.333;c4730:3031@4.433;c4730:3031@4.667,2,1,{},
4730394,[Starscourge Radahn] Bullet,U,Unapproved screening result,small-short-enemy-bullet,0,0,0,1,4730394,247300394,c4730:3035@2.333,2,1,{},
4730420,[Starscourge Radahn] Bullet - Arrow Rain,U,Unapproved screening result,small-short-enemy-bullet,0,0,0,1,4730420,247300420,c4730:3101@2.567,2,1,{},
4730422,[Starscourge Radahn] Bullet,U,Unapproved screening result,small-short-enemy-bullet,0,0,0,1,4730422,247300422;247300421;247300420,c4730:3101@2.567,2,1,{},
4730423,[Starscourge Radahn] Bullet,U,Unapproved screening result,small-short-enemy-bullet,0,0,0,1,4730423,247300423;247300422;247300421;247300420,c4730:3101@2.567,2,1,{},
4730426,[Starscourge Radahn] Bullet - Arrow Rain,U,Unapproved screening result,small-short-enemy-bullet,0,0,0,1,4730426,247300426,c4730:3101@2.567,2,1,{},
4730492,[Starscourge Radahn] Bullet - Giant AoE Slam,D,Ground pull and giant explosions,name,0,0,0,1,4730492,247300492,c4730:20013@2.600,2,1,{},
4730644,[Starscourge Radahn] Bullet - Lightning Spawn AoE,U,Unapproved screening result,airborne-avoidance;small-short-enemy-bullet,0,0,1,1,4730644,247300644;247300643,c4730:1003012@1.900,2,1,{},
4730645,[Starscourge Radahn] Bullet - Ground Lightning,U,Unapproved screening result,airborne-avoidance;name,0,0,1,1,4730645,247300645,c4730:1003012@2.467,2,1,{},
4730654,[Starscourge Radahn] Bullet - Lightning Spawn AoE,U,Unapproved screening result,airborne-avoidance;small-short-enemy-bullet,0,0,1,1,4730654,247300654;247300653,c4730:1003013@1.900,2,1,{},
4730655,[Starscourge Radahn] Bullet - Ground Lightning,U,Unapproved screening result,airborne-avoidance;name,0,0,1,1,4730655,247300655,c4730:1003013@2.467,2,1,{},
4730732,[Starscourge Radahn] Bullet - Ground Lightning,U,Unapproved screening result,airborne-avoidance;name,0,0,1,1,4730732,247300732,c4730:1003021@2.667,2,1,{},
4730751,[Starscourge Radahn] Bullet - Ground Lightning,U,Unapproved screening result,airborne-avoidance;name,0,0,1,1,4730751,247300751,c4730:1003024@1.933,2,1,{},
4730767,[Starscourge Radahn] Bullet - Ground Lightning,U,Unapproved screening result,airborne-avoidance;name,0,0,1,1,4730767,247300767,c4730:1003030@8.500,2,1,{},
4750281,[Godrick the Grafted],U,Unapproved screening result,airborne-avoidance,0,0,1,0,,247500281,c4750:3018@1.600,4,2,{},
4750350,[Godrick the Grafted] Axe Slam,D,Separate body and weapon contacts,name,0,0,0,0,,247500350,c4750:3025@1.733,4,2,{},
4750381,[Godrick the Grafted],U,Unapproved screening result,airborne-avoidance,0,0,1,0,,247500381,c4750:3028@2.000,4,2,{},
4750410,[Godrick the Grafted] Bullet - Rocks Triple,B,Godrick axe-ground pulses,airborne-avoidance,0,0,1,0,4750411,247500410,c4750:3031@2.367;c4750:3031@3.400,4,2,{},
4750413,[Godrick the Grafted] Bullet - Rocks Triple,B,Godrick axe-ground pulses,airborne-avoidance,0,0,1,0,4750414,247500413,c4750:3031@5.733,4,2,{},
4750462,[Godrick the Grafted] Bullet - Explosion,U,Unapproved screening result,small-short-enemy-bullet,0,0,0,0,4750463,247500462,c4750:3036@1.400,4,2,{},
4750490,[Godrick the Grafted] Bullet - Fire Volcano,U,Unapproved screening result,small-short-enemy-bullet,0,0,0,0,4750490;4750491;4750492,247500490;247500491,c4750:3039@2.667,4,2,{},
4750550,[Godrick the Grafted] Bullet - Rocks Doubble,B,Godrick axe-ground pulses,airborne-avoidance,0,0,1,0,4750551,247500550,c4750:20005@2.800,4,2,{},
4750553,[Godrick the Grafted] Bullet - Rocks Doubble,B,Godrick axe-ground pulses,airborne-avoidance,0,0,1,0,4750554,247500553,c4750:20005@4.233,4,2,{},
4750600,[Godrick the Grafted] Phase Shift,U,Unapproved screening result,airborne-avoidance,0,0,1,0,,247500600,c4750:20010@5.733,4,2,{},
4760051,[Fire Giant] Bullet - Snow Pullup,U,Unapproved screening result,small-short-enemy-bullet,0,0,0,1,4760054,247600151,c4760:3005@1.700,6,2,{},
4760060,[Fire Giant] Stomp,U,Unapproved screening result,name,0,0,0,1,,247600160,c4760:3006@1.633,6,2,{},
4760061,[Fire Giant] Stomp,U,Unapproved screening result,name,0,0,0,1,,247600161,c4760:3006@3.367,6,2,{},
4760062,[Fire Giant] Bullet,B,Fire Giant foot bursts,airborne-avoidance;small-short-enemy-bullet,0,0,1,1,4760062,247600162,c4760:3006@1.767;c4760:3006@3.533,6,2,{},
4760080,[Fire Giant] Bullet - Fireball,U,Unapproved screening result,small-short-enemy-bullet,0,0,0,1,4760081,247600180,c4760:3008@2.700,6,2,{},
4760091,[Fire Giant] Bullet - Fell Sun Linger,U,Unapproved screening result,airborne-avoidance,0,0,1,1,4760099,247600190,c4760:3009@2.000,6,2,{},
4760130,[Fire Giant] Bullet - Fire Pillars,U,Unapproved screening result,small-short-enemy-bullet,0,0,0,1,4760133;4760134;4760135,247600230,c4760:3013@2.667,6,2,{},
4760170,[Fire Giant] Stomp,U,Unapproved screening result,name,0,0,0,1,,247600270,c4760:3018@1.967,6,2,{},
4760171,[Fire Giant] Bullet,B,Fire Giant foot bursts,airborne-avoidance;small-short-enemy-bullet,0,0,1,1,4760171,247600271,c4760:3018@2.100,6,2,{},
4760270,[Fire Giant] Bullet,U,Unapproved screening result,small-short-enemy-bullet,0,0,0,1,4760271,247600370,c4760:1003007@1.833;c4760:1003007@2.500,6,2,{},
4760281,[Fire Giant] Bullet,U,Unapproved screening result,airborne-avoidance,0,0,1,1,4760289,247600380,c4760:1003008@3.667;c4760:1003008@4.167,6,2,{},
4760290,[Fire Giant] Bullet,U,Unapproved screening result,small-short-enemy-bullet,0,0,0,1,4760294,247600390,c4760:1003009@1.733;c4760:1003009@3.333;c4760:1003009@5.867,6,2,{},
4760300,[Fire Giant] Bullet,U,Unapproved screening result,small-short-enemy-bullet,0,0,0,1,4760303;4760304;4760305,247600400,c4760:1003010@3.333;c4760:1020000@6.467,6,2,{},
4760900,[Fire Giant] Bullet,U,Unapproved screening result,small-short-enemy-bullet,0,0,0,1,4760082;4760272,247600180;247600370,c4760:1003007@1.833;c4760:1003007@2.500;c4760:3008@2.700,6,2,{},
4760901,[Fire Giant] Bullet,U,Unapproved screening result,small-short-enemy-bullet,0,0,0,1,4760098;4760288,247600190;247600380,c4760:1003008@3.667;c4760:1003008@4.167;c4760:3009@2.000,6,2,{},
4760902,[Fire Giant] Bullet,U,Unapproved screening result,small-short-enemy-bullet,0,0,0,1,4760132;4760302,247600230;247600400,c4760:1003010@3.333;c4760:1020000@6.467;c4760:3013@2.667,6,2,{},
4760904,[Fire Giant] Bullet,U,Unapproved screening result,small-short-enemy-bullet,0,0,0,1,4760212,247600310,c4760:1003001@3.667;c4760:1003001@3.933;c4760:1003001@4.200;c4760:1003001@4.467;c4760:1003001@4.733;c4760:1003001@5.000;c4760:1003001@5.300;c4760:1003001@5.533;c4760:1003001@5.767,6,2,{},
4760905,[Fire Giant] Bullet,U,Unapproved screening result,small-short-enemy-bullet,0,0,0,1,4760295,247600390,c4760:1003009@1.733;c4760:1003009@3.333;c4760:1003009@5.867,6,2,{},
4760906,[Fire Giant] Bullet,U,Unapproved screening result,small-short-enemy-bullet,0,0,0,1,4760342,247600440,c4760:1003014@5.167,6,2,{},
4770161,[Valiant Gargoyle] Bullet - Roar,U,Unapproved screening result,small-short-enemy-bullet,0,0,0,0,4770164,247700161,c4770:3006@1.700;c4770:3010@2.200,19,11,{},
4770252,[Valiant Gargoyle] Bullet - Stomp AoE,C,Valiant Gargoyle stomp,name,0,0,0,0,4770253,247700252,c4770:3015@1.133,19,11,{},
4770322,[Valiant Gargoyle] Bullet,U,Unapproved screening result,small-short-enemy-bullet,0,0,0,0,4770325,247700322,c4770:3022@4.367,19,11,{},
4770352,[Valiant Gargoyle] Bullet,U,Unapproved screening result,small-short-enemy-bullet,0,0,0,0,4770355,247700352,c4770:3025@2.900,19,11,{},
4770382,[Valiant Gargoyle] Bullet,U,Unapproved screening result,small-short-enemy-bullet,0,0,0,0,4770385,247700382,c4770:3028@4.367,19,11,{},
4770392,[Valiant Gargoyle] Bullet,U,Unapproved screening result,small-short-enemy-bullet,0,0,0,0,4770395,247700392,c4770:3029@2.900,19,11,{},
4770431,[Valiant Gargoyle] Bullet - Roar,U,Unapproved screening result,small-short-enemy-bullet,0,0,0,0,4770434,247700431,c4770:3033@1.700;c4770:3034@2.200,19,11,{},
4770732,[Valiant Gargoyle] Bullet,U,Unapproved screening result,small-short-enemy-bullet,0,0,0,0,4770735,247700732,c4770:1003023@2.833,19,11,{},
4770752,[Valiant Gargoyle] Bullet,U,Unapproved screening result,small-short-enemy-bullet,0,0,0,0,4770755,247700752,c4770:1003025@2.833,19,11,{},
4770880,[Valiant Gargoyle] Bullet - Aromatic,U,Unapproved screening result,small-short-enemy-bullet,0,0,0,1,4770880;4770881;4770885;4770886;4770890;4770891;4770895;4770896,247700880;247700885;247700890;247700895,c4770:2003000@3.000;c4770:2003000@5.800;c4770:2003006@3.600,19,11,{},
4770920,[Valiant Gargoyle] Bullet,U,Unapproved screening result,small-short-enemy-bullet,0,0,0,0,4770920;4770921,247700920,c4770:1020025@1.833;c4770:20025@1.833,19,11,{},
4770930,[Valiant Gargoyle] Bullet,U,Unapproved screening result,small-short-enemy-bullet,0,0,0,0,4770930;4770931,247700930,c4770:1020026@1.833;c4770:20026@1.833,19,11,{},
4800020,[Mohg] Bullet - Fire Pool,U,Unapproved screening result,airborne-avoidance,0,0,1,0,4800020;4800753,248000110;248000240;248000320;248000751;248000331;248000561;248000581;248000631;248000761;248000841;248000842;248000571;248000605;248000608;248000621;248000837;248000332;248000333;248000591;248000701;248000711;248000771;248000791;248000801,c4800:1003006@0.933;c4800:1003007@1.000;c4800:1003008@1.467;c4800:1003009@1.100;c4800:1003010@1.133;c4800:1003010@2.967;c4800:1003012@1.067;c4800:1003013@1.067;c4800:1003020@1.433;c4800:1003021@1.933;c4800:1003025@0.467;c4800:1003026@1.000;c4800:1003027@1.800;c4800:1003029@1.100;c4800:1003030@1.100;c4800:1003031@1.433;c4800:1003033@3.967;c4800:1003034@1.500;c4800:1003034@1.633;c4800:3001@2.233;c4800:3014@1.867;c4800:3015@1.833;c4800:3022@1.567;c4800:3023@10.733;c4800:3028@1.333,6,2,{},
4800030,[Mohg] Bullet - Fire Pool,U,Unapproved screening result,airborne-avoidance,0,0,1,0,4800030,248000260,c4800:3016@1.700;c4800:3017@2.267,6,2,{},
4800040,[Mohg] Bullet,U,Unapproved screening result,small-short-enemy-bullet,0,0,0,0,4800040;4800050,248000040,c4800:1003024@1.833;c4800:1003029@3.700;c4800:1003032@2.667,6,2,{},
4800210,[Mohg] Bullet,U,Unapproved screening result,small-short-enemy-bullet,0,0,0,0,4800211,248000210,c4800:3011@0.800,6,2,{},
4800430,[Mohg] Bullet,U,Unapproved screening result,small-short-enemy-bullet,0,0,0,0,4800431,248000430,c4800:1003033@2.400;c4800:3033@2.400,6,2,{},
4810180,[Erdtree Avatar] Butt Slam,D,Separate body and weapon contacts,name,0,0,0,1,,248100180,c4810:3008@2.600,18,10,{},
4810183,[Erdtree Avatar] Bullet - Butt Slam AoE,B,Avatar ground waves,airborne-avoidance;name,0,0,1,0,4810183,248100183,c4810:3008@2.667,18,10,{},
4810250,[Erdtree Avatar] Bullet - Stomp,B,Avatar ground waves,airborne-avoidance;name,0,0,1,0,4810250,248100250,c4810:3015@1.133,18,10,{},
4810260,[Erdtree Avatar] Rot Butt Slam,D,Separate body and weapon contacts,name,0,0,0,1,,248100260,c4810:3016@2.600,18,10,{},
4810263,[Erdtree Avatar] Bullet - Butt Slam AoE,U,Unapproved screening result,name,0,0,0,0,4810263,248100263,c4810:3016@2.667,18,10,{},
4820500,[Omenkiller] Bullet,U,Unapproved screening result,small-short-enemy-bullet,0,0,0,0,4820500;4820501,248200500;259800500,,23,12,{},
4910171,[Magma Wyrm] PH2 Crush AoE,C,Magma Wyrm ground crush,airborne-avoidance,0,0,1,1,,249100171,c4910:1003000@3.167,8,5,{},
4910331,[Magma Wyrm] Crush AoE,C,Magma Wyrm ground crush,airborne-avoidance,0,0,1,1,,249100331,c4910:3010@2.933;c4910:3011@2.933,8,5,{},
4910900,[Magma Wyrm] Bullet,U,Unapproved screening result,small-short-enemy-bullet,0,0,0,1,4910510;4910511,249100510,c4910:1003009@2.600,8,5,{},
4950105,[Tibia Mariner] Bullet,U,Unapproved screening result,small-short-enemy-bullet,0,0,0,0,4950105,249500105,,5,5,{},
4950135,[Tibia Mariner] Bullet,U,Unapproved screening result,small-short-enemy-bullet,0,0,0,0,4950135,249500135,,5,5,{},
4960800,[Giant Skeleton Torso] Bullet,U,Unapproved screening result,small-short-enemy-bullet,0,0,0,0,4960800,249600800,c4960:20010@7.000;c4960:3003001@3.067;c4960:3004@7.000;c4960:3020010@7.000,5,4,{},
4960900,[Giant Skeleton Torso] Bullet,U,Unapproved screening result,airborne-avoidance,0,0,1,0,4960901,249600900,c4960:20012@3.467;c4960:20012@5.267;c4960:20012@8.200;c4960:3000@2.733;c4960:3003003@2.333;c4960:3003003@4.100;c4960:3003003@7.067;c4960:3003004@2.467;c4960:3003004@4.933;c4960:3003@3.267;c4960:3005@2.433;c4960:3020012@3.467;c4960:3020012@5.267;c4960:3020012@8.200,5,4,{},
4980141,[Death Rite Bird] Bullet,U,Unapproved screening result,small-short-enemy-bullet,0,0,0,1,4980141,249800141,,11,9,{},
4980171,[Death Rite Bird] Bullet,U,Unapproved screening result,small-short-enemy-bullet,0,0,0,1,4980171,249800171,,11,9,{},
4980200,[Death Rite Bird] Bullet - Peck,U,Unapproved screening result,small-short-enemy-bullet,0,0,0,1,4980200;4980500,249800200;249800500,c4980:3017@1.367;c4980:3017@1.867,11,9,{},
4980210,[Death Rite Bird] Bullet - Peck,U,Unapproved screening result,small-short-enemy-bullet,0,0,0,1,4980210;4980510,249800210;249800510,c4980:3018@0.967;c4980:3038@1.033;c4980:3038@1.433,11,9,{},
4980240,[Death Rite Bird] Bullet - Pull Out Ground,U,Unapproved screening result,name,0,0,0,1,4980240,249800240,c4980:3022@0.800,11,9,{},
4980300,[Death Rite Bird] Bullet,U,Unapproved screening result,small-short-enemy-bullet,0,0,0,1,4980300,249800300,c4980:3026@1.333;c4980:3034@0.767;c4980:3035@0.800,11,9,{},
4980411,[Death Rite Bird] Bullet,U,Unapproved screening result,small-short-enemy-bullet,0,0,0,1,4980411;4980412,249800411,,11,9,{},
4980431,[Death Rite Bird] Bullet,U,Unapproved screening result,small-short-enemy-bullet,0,0,0,1,4980431,249800431,,11,9,{},
4980433,[Death Rite Bird] Bullet,U,Unapproved screening result,small-short-enemy-bullet,0,0,0,1,4980433,249800433,,11,9,{},
4980441,[Death Rite Bird] Bullet,U,Unapproved screening result,small-short-enemy-bullet,0,0,0,1,4980441,249800441,,11,9,{},
4980471,[Death Rite Bird] Bullet,U,Unapproved screening result,small-short-enemy-bullet,0,0,0,1,4980471;4980472,249800471,,11,9,{},
4980500,[Death Rite Bird] Bullet - Peck,U,Unapproved screening result,airborne-avoidance,0,0,1,1,,,,0,0,{},
4980521,[Death Rite Bird] Bullet,U,Unapproved screening result,small-short-enemy-bullet,0,0,0,1,4980521,249800521,c4980:3019@2.400,11,9,{},
4980551,[Death Rite Bird] Bullet,U,Unapproved screening result,small-short-enemy-bullet,0,0,0,1,4980551,249800551,c4980:3023@1.167,11,9,{},
4980561,[Death Rite Bird] Bullet,U,Unapproved screening result,small-short-enemy-bullet,0,0,0,1,4980561,249800561,c4980:3024@1.900,11,9,{},
4980600,[Death Rite Bird] Stomp,U,Unapproved screening result,name,0,0,0,1,,249800600,c4980:3028@4.467,11,9,{},
4980630,[Death Rite Bird] Bullet,U,Unapproved screening result,small-short-enemy-bullet,0,0,0,1,4980632;4980633;4980813;4980814;4980823;4980824,249800800;249800630;249800810;249800820,c4980:3031@3.900,11,9,{},
4980650,[Death Rite Bird] Bullet,U,Unapproved screening result,small-short-enemy-bullet,0,0,0,1,4980650;4980651;4980652,249800650,c4980:3033@1.933;c4980:3033@1.967;c4980:3033@2.100;c4980:3033@2.133;c4980:3033@2.200;c4980:3033@2.267;c4980:3033@2.367;c4980:3033@2.433;c4980:3033@2.467;c4980:3033@2.600;c4980:3033@2.633;c4980:3033@2.667,11,9,{},
4980660,[Death Rite Bird] Bullet,U,Unapproved screening result,small-short-enemy-bullet,0,0,0,1,4980660,249800660,c4980:3026@1.333;c4980:3033@1.933;c4980:3034@0.767;c4980:3035@0.800,11,9,{},
4980740,[Death Rite Bird] Bullet,D,Death Rite Bird shared ghostflame,small-floor-probe;small-short-enemy-bullet,0,0,0,1,4980544;4980923;4980943,249800543;249800542;249800920;249800940,c4980:3011@0.633;c4980:3024@1.833;c4980:3039@2.467,11,9,{},
4980911,[Death Rite Bird] Bullet,U,Unapproved screening result,small-short-enemy-bullet,0,0,0,1,4980911,249800911;249800910,c4980:3004@1.267;c4980:3014@0.967,11,9,{},
5000101,[DLC - Commander Gaius] Bullet,C,Gaius local ground effects,airborne-avoidance;small-short-enemy-bullet,0,0,1,1,5000101,250000101,c5000:3000@1.167,3,1,{},
5000111,[DLC - Commander Gaius] Bullet,C,Gaius local ground effects,airborne-avoidance;small-short-enemy-bullet,0,0,1,1,5000111,250000111,c5000:3001@1.667,3,1,{},
5000141,[DLC - Commander Gaius] Bullet,U,Unapproved screening result,small-short-enemy-bullet,0,0,0,1,5000141;5000142,250000141,,3,1,{},
5000165,[DLC - Commander Gaius] Attack,U,Unapproved screening result,small-short-enemy-bullet,0,0,0,1,5000165,250000165,c5000:3007@5.467,3,1,{},
5000168,[DLC - Commander Gaius] Bullet,U,Unapproved screening result,small-short-enemy-bullet,0,0,0,1,5000168;5000169,250000168,,3,1,{},
5000171,[DLC - Commander Gaius] Bullet,C,Gaius local ground effects,airborne-avoidance;small-short-enemy-bullet,0,0,1,1,5000171,250000171,c5000:3008@1.800,3,1,{},
5000181,[DLC - Commander Gaius] Bullet,U,Unapproved screening result,small-short-enemy-bullet,0,0,0,1,5000181,250000181,c5000:3003@0.033;c5000:3003@0.167;c5000:3003@0.300,3,1,{},
5000201,[DLC - Commander Gaius] Bullet,U,Unapproved screening result,small-short-enemy-bullet,0,0,0,1,5000202;5000203;5000204;5000205;5000602;5000603;5000604;5000605,250000200;250000600,c5000:3012@0.100;c5000:3012@0.167,3,1,{},
5000271,[DLC - Commander Gaius] Bullet,U,Unapproved screening result,small-short-enemy-bullet,0,0,0,1,5000271;5000272,250000271,,3,1,{},
5000290,[DLC - Commander Gaius] Bullet,U,Unapproved screening result,small-short-enemy-bullet,0,0,0,1,5000290;5000291,250000290,c5000:3025@1.567;c5000:3028@1.267,3,1,{},
5000501,[DLC - Commander Gaius] Bullet,C,Gaius local ground effects,airborne-avoidance;small-short-enemy-bullet,0,0,1,1,5000501,250000501,c5000:3000@1.167,3,1,{},
5000511,[DLC - Commander Gaius] Bullet,C,Gaius local ground effects,airborne-avoidance;small-short-enemy-bullet,0,0,1,1,5000511,250000511,c5000:3001@1.667,3,1,{},
5000565,[DLC - Commander Gaius] Attack,U,Unapproved screening result,small-short-enemy-bullet,0,0,0,1,5000565,250000565,c5000:3007@5.467,3,1,{},
5000571,[DLC - Commander Gaius] Bullet,U,Unapproved screening result,airborne-avoidance;small-short-enemy-bullet,0,0,1,1,5000571,250000571,c5000:3008@1.800,3,1,{},
5000611,[DLC - Commander Gaius] Bullet,U,Unapproved screening result,airborne-avoidance,0,0,1,1,5000611;5000614,250000611;250000614,c5000:3013@4.567,3,1,{},
5000612,[DLC - Commander Gaius] Bullet,U,Unapproved screening result,airborne-avoidance,0,0,1,1,5000612;5000615,250000612;250000615,c5000:3013@4.567,3,1,{},
5010153,[DLC - Golden Hippopotamus] Bullet,U,Unapproved screening result,airborne-avoidance,0,0,1,1,5010153,250100153,c5010:1003007@3.700;c5010:2003007@3.700;c5010:3007@3.700,3,1,{},
5010181,[DLC - Golden Hippopotamus] Bullet,U,Unapproved screening result,small-short-enemy-bullet,0,0,0,1,5010184;5010185,250100181;250100182,c5010:1003020@3.067;c5010:3020@3.067,3,1,{},
5011153,[DLC - Golden Hippopotamus (Golden Wings)] Bullet,U,Unapproved screening result,airborne-avoidance,0,0,1,1,5011153,250110153,,5,4,{},
5020142,[DLC - Putrescent Knight] Bullet,U,Unapproved screening result,small-short-enemy-bullet,0,0,0,1,205020142;205020151,250200142;250200151,c5020:3003@2.533;c5020:3004@1.367;c5020:3018@1.167;c5020:3025@1.000,6,2,{},
5020171,[DLC - Putrescent Knight] Bullet,U,Unapproved screening result,small-short-enemy-bullet,0,0,0,1,205020171,250200171,c5020:3006@1.433,6,2,{},
5020235,[DLC - Putrescent Knight] Bullet,U,Unapproved screening result,small-short-enemy-bullet,0,0,0,1,205020350,250200235,c5020:3011@2.033;c5020:3016@1.267,6,2,{},
5020262,[DLC - Putrescent Knight] Bullet,U,Unapproved screening result,small-short-enemy-bullet,0,0,0,1,205020262,250200262,c5020:3023@0.933;c5020:3023@3.100,6,2,{},
5020402,[DLC - Putrescent Knight] Bullet,U,Unapproved screening result,small-short-enemy-bullet,0,0,0,1,205020402,250200402,,6,2,{},
5020411,[DLC - Putrescent Knight] Bullet,U,Unapproved screening result,small-short-enemy-bullet,0,0,0,1,205020411,250200411,c5020:3031@1.667,6,2,{},
5020600,[DLC - Putrescent Knight] Bullet,C,Putrescent Knight flame waves,airborne-avoidance;small-short-enemy-bullet,0,0,1,0,205020608;205020610;205020612;205020614;205020616;205020618;205020620;205020622;205020624;205020626;205020628;205020630;205020632,250200610;250200620;250200600,c5020:3014@1.133;c5020:3022@3.700,6,2,{},
5020610,[DLC - Putrescent Knight] Bullet,C,Putrescent Knight flame waves,airborne-avoidance;small-short-enemy-bullet,0,0,1,0,205020670;205020672;205020674;205020676;205020678;205020680;205020682;205020684;205020686;205020688;205020690,250200670;250200680,c5020:3015@0.667,6,2,{},
5020620,[DLC - Putrescent Knight] Bullet,C,Putrescent Knight flame waves,airborne-avoidance,0,0,1,0,205020728;205020730;205020732;205020734;205020736;205020738;205020742;205020744;205020746;205020748;205020750;205020752;205020754;205020768;205020770;205020772;205020774;205020776;205020778;205020782;205020784;205020786;205020788;205020790;205020792;205020794,250200700;250200702;250200701,c5020:3028@3.067,6,2,{},
5020621,[DLC - Putrescent Knight] Bullet,C,Putrescent Knight flame waves,airborne-avoidance,0,0,1,0,205020740;205020780;205020820;205020821;205020822;205020823;205020824;205020825;205020826;205020827;205020828;205020829;205020830,250200800;250200700;250200702;250200701,c5020:3028@3.067,6,2,{},
5020916,[DLC - Putrescent Knight] Bullet,U,Unapproved screening result,small-short-enemy-bullet,0,0,0,1,205020918,250200916,,6,2,{},
5030151,"[DLC - Romina, Saint of the Bud] Bullet",U,Unapproved screening result,small-short-enemy-bullet,0,0,0,1,205030151,250300151,,3,1,{},
5030200,"[DLC - Romina, Saint of the Bud] Bullet",U,Unapproved screening result,small-short-enemy-bullet,0,0,0,1,205030204;205030212;205030234;205030284;205030309,250300212;250300309;250300283;250300308;250300307;250300230;250300231;250300306;250300200;250300305;250300303;250300301;250300302;250300300,,3,1,{},
5040180,[DLC - Curseblade Labirith] Attack,U,Unapproved screening result,small-short-enemy-bullet,0,0,0,1,205040001;205040002;205040003;205040004;205040005;205040006,250400180;250400220;250400230;250400231;250400232;250400233;250400234;250400250;250400251,,19,11,{},
5040300,[DLC - Curseblade Labirith] Bullet,U,Unapproved screening result,small-short-enemy-bullet,0,0,0,1,205040300,250400300,,19,11,{},
5050170,"[DLC - Midra, Lord of Frenzied Flame] Bullet",U,Unapproved screening result,small-short-enemy-bullet,0,0,0,1,205050170,250500170,,3,1,{},
5051140,"[DLC - Midra, Lord of Frenzied Flame] Bullet",U,Unapproved screening result,small-short-enemy-bullet,0,0,0,1,205051140,250510140,c5051:3004@0.633,3,1,{},
5051206,"[DLC - Midra, Lord of Frenzied Flame] Bullet",U,Unapproved screening result,airborne-avoidance;small-short-enemy-bullet,0,0,1,1,205051206,250510206,c5051:3010@1.967;c5051:3010@3.067;c5051:3010@4.433;c5051:3010@5.133,3,1,{},
5051207,"[DLC - Midra, Lord of Frenzied Flame] Bullet",U,Unapproved screening result,airborne-avoidance,0,0,1,1,205051183;205051207;205051500;205051510,250510207;250510500;250510510;250510181,c5051:3008@0.367;c5051:3008@0.467;c5051:3008@0.533;c5051:3008@0.700;c5051:3008@0.833;c5051:3008@0.933;c5051:3008@1.033;c5051:3010@6.900,3,1,{},
5051211,"[DLC - Midra, Lord of Frenzied Flame] Bullet",U,Unapproved screening result,airborne-avoidance,0,0,1,1,205051213,250510211,c5051:3011@1.333,3,1,{},
5051250,"[DLC - Midra, Lord of Frenzied Flame] Bullet",U,Unapproved screening result,small-short-enemy-bullet,0,0,0,1,205051230;205051231;205051232;205051233;205051234;205051235;205051250;205051251;205051252;205051253;205051254;205051255;205051256;205051257;205051258;205051259;205051370;205051371;205051372;205051373;205051374;205051375;205051376;205051377;205051378;205051600;205051601;205051602;205051603;205051604;205051605;205051606;205051610;205051611;205051612;205051613;205051614;205051615;205051616,250510230;250510231;250510232;250510250;250510251;250510252;250510253;250510254;250510255;250510256;250510370;250510371;250510372;250510373;250510374;250510375;250510600;250510601;250510602;250510603;250510610;250510611;250510612;250510613,c5051:20000@2.400;c5051:20000@2.533;c5051:20000@2.667;c5051:20000@2.833;c5051:20000@3.000;c5051:20000@3.167;c5051:20000@3.333;c5051:20000@3.867;c5051:20000@4.000;c5051:20000@4.133;c5051:20000@4.267;c5051:20000@4.400;c5051:20000@4.533;c5051:20000@4.733;c5051:3014@0.567;c5051:3014@0.600;c5051:3014@0.633;c5051:3016@1.133;c5051:3016@1.267;c5051:3016@1.400;c5051:3016@1.567;c5051:3016@1.733;c5051:3016@1.900;c5051:3016@2.067;c5051:3016@2.600;c5051:3016@2.733;c5051:3016@2.867;c5051:3016@3.000;c5051:3016@3.133;c5051:3016@3.267;c5051:3016@3.467;c5051:3028@1.067;c5051:3028@1.167;c5051:3028@1.267;c5051:3028@1.367;c5051:3028@1.467;c5051:3028@1.567,3,1,{},
5051281,"[DLC - Midra, Lord of Frenzied Flame] Bullet",U,Unapproved screening result,small-short-enemy-bullet,0,0,0,1,205051281;205051282,250510281;250510282,c5051:3019@1.100;c5051:3019@1.133;c5051:3019@1.300;c5051:3019@1.467;c5051:3019@1.633;c5051:3019@1.800;c5051:3019@1.967;c5051:3019@2.133;c5051:3019@2.300;c5051:3019@2.467;c5051:3019@2.633;c5051:3019@2.767,3,1,{},
5051311,"[DLC - Midra, Lord of Frenzied Flame] Bullet",U,Unapproved screening result,airborne-avoidance,0,0,1,0,205051296;205051311,250510311,c5051:3008@0.900;c5051:3024@1.333;c5051:3025@1.667,3,1,{},
5060200,[DLC - Lamprey] Bullet,U,Unapproved screening result,small-short-enemy-bullet,0,0,0,1,205060200,250600200,,21,23,{},
5060220,[DLC - Lamprey] Bullet,U,Unapproved screening result,small-short-enemy-bullet,0,0,0,1,205060220;205060240,250600220;250600240,,21,23,{},
5060500,[DLC - Lamprey] Bullet,U,Unapproved screening result,small-short-enemy-bullet,0,0,0,1,205060502;205060504;205060506;205060508;205060510,250600500,,21,23,{},
5060520,[DLC - Lamprey] Bullet,U,Unapproved screening result,small-short-enemy-bullet,0,0,0,1,205060522;205060524;205060526;205060528;205060530,250600520,,21,23,{},
5060540,[DLC - Lamprey] Bullet,U,Unapproved screening result,small-short-enemy-bullet,0,0,0,1,205060542;205060544;205060546;205060548;205060550;205060558,250600540,,21,23,{},
5060560,[DLC - Lamprey] Bullet,U,Unapproved screening result,small-short-enemy-bullet,0,0,0,0,205060401;205060423,250600400;250600401;250600420,,21,23,{},
5061500,[DLC - Lamprey (Large)] Bullet,U,Unapproved screening result,small-short-enemy-bullet,0,0,0,1,205061502;205061504;205061506;205061508;205061510,250610500,,6,3,{},
5061520,[DLC - Lamprey (Large)] Bullet,U,Unapproved screening result,small-short-enemy-bullet,0,0,0,1,205061522;205061524;205061526;205061528;205061530,250610520,,6,3,{},
5061540,[DLC - Lamprey (Large)] Bullet,U,Unapproved screening result,small-short-enemy-bullet,0,0,0,1,205061542;205061544;205061546;205061548;205061550,250610540,,6,3,{},
5061560,[DLC - Lamprey (Large)] Bullet,U,Unapproved screening result,small-short-enemy-bullet,0,0,0,0,205061401;205061411;205061423,250610400;250610410;250610420,,6,3,{},
5070220,[DLC - Death Knight] Bullet,U,Unapproved screening result,small-short-enemy-bullet,0,0,0,1,205070910;205070911;205070912;205070913;205070914;205070915;205070920;205070921;205070922;205070923;205070924;205070925,250700181;250700591;250700182;250700592;250700183;250700593;250700184;250700594;250700185;250700595;250700186;250700596;250700221;250700611;250700222;250700612;250700223;250700613;250700224;250700614;250700225;250700615;250700226;250700616,,5,2,{},
5070231,[DLC - Death Knight] Bullet,U,Unapproved screening result,small-short-enemy-bullet,0,0,0,1,205070234,250700231,,5,2,{},
5070581,[DLC - Death Knight] Bullet,U,Unapproved screening result,small-short-enemy-bullet,0,0,0,1,205070581;205070582,250700581,,5,2,{},
5070621,[DLC - Death Knight] Bullet,U,Unapproved screening result,small-short-enemy-bullet,0,0,0,1,205070624,250700621,,5,2,{},
5080135,[DLC - Bloodfiend] Bullet,U,Unapproved screening result,small-short-enemy-bullet,0,0,0,1,205080135,250800135,c5080:1003005@1.133;c5080:1003006@1.500;c5080:1003009@1.000,58,40,{},
5080300,[DLC - Bloodfiend] Bullet,U,Unapproved screening result,small-short-enemy-bullet,0,0,0,0,205080300,250800300,c5080:1003023@0.933;c5080:1003023@1.000;c5080:1003023@1.067;c5080:3015@1.300;c5080:3023@0.933,58,40,{},
5080301,[DLC - Bloodfiend] Bullet,U,Unapproved screening result,small-short-enemy-bullet,0,0,0,0,205080301,250800301,c5080:1003023@0.933;c5080:1003023@1.000;c5080:1003023@1.067;c5080:3015@1.300;c5080:3023@0.933,58,40,{},
5080302,[DLC - Bloodfiend] Bullet,U,Unapproved screening result,small-short-enemy-bullet,0,0,0,0,205080302,250800302,c5080:3015@1.300;c5080:3023@0.933,58,40,{},
5080310,[DLC - Bloodfiend] Bullet,U,Unapproved screening result,small-short-enemy-bullet,0,0,0,0,205080310;205080315,250800310;250800315,c5080:1003016@1.233;c5080:1003016@1.667;c5080:3016@1.233;c5080:3016@1.667,58,40,{},
5080311,[DLC - Bloodfiend] Bullet,U,Unapproved screening result,small-short-enemy-bullet,0,0,0,0,205080311;205080316,250800311;250800316,c5080:1003016@1.233;c5080:1003016@1.667;c5080:3016@1.233;c5080:3016@1.667,58,40,{},
5080505,[DLC - Bloodfiend] Bullet,U,Unapproved screening result,small-short-enemy-bullet,0,0,0,1,205080505,250800505,,58,40,{},
5080601,[DLC - Bloodfiend] Bullet,D,Lingering Bloodfiend effects,airborne-avoidance,0,0,1,0,205080602,250800600,c5080:3020@2.167,58,40,{},
5080606,[DLC - Bloodfiend] Bullet,D,Lingering Bloodfiend effects,airborne-avoidance,0,0,1,0,205080607,250800601,c5080:3020@2.167,58,40,{},
5080620,[DLC - Bloodfiend] Bullet,U,Unapproved screening result,small-short-enemy-bullet,0,0,0,0,205080621,250800620;250800621,c5080:1003033@1.000;c5080:1003033@1.033;c5080:1003033@1.133;c5080:3033@1.033,58,40,{},
5080621,,U,Unapproved screening result,small-short-enemy-bullet,0,0,0,0,205080626,,,0,0,{},
5081135,[DLC - Chief Bloodfiend] Bullet,U,Unapproved screening result,small-short-enemy-bullet,0,0,0,1,205081135,250810135,,12,5,{},
5081155,[DLC - Chief Bloodfiend] Bullet,U,Unapproved screening result,small-short-enemy-bullet,0,0,0,1,205081155,250810155,,12,5,{},
5081203,[DLC - Chief Bloodfiend] Bullet,U,Unapproved screening result,small-short-enemy-bullet,0,0,0,1,205081185,250810205,,12,5,{},
5081300,[DLC - Chief Bloodfiend] Bullet,U,Unapproved screening result,small-short-enemy-bullet,0,0,0,0,205081300,250810300,,12,5,{},
5081301,[DLC - Chief Bloodfiend] Bullet,U,Unapproved screening result,small-short-enemy-bullet,0,0,0,0,205081301,250810301,,12,5,{},
5081310,[DLC - Chief Bloodfiend] Bullet,U,Unapproved screening result,small-short-enemy-bullet,0,0,0,0,205081310;205081315,250810310;250810315,,12,5,{},
5081311,[DLC - Chief Bloodfiend] Bullet,U,Unapproved screening result,small-short-enemy-bullet,0,0,0,0,205081311;205081316,250810311;250810316,,12,5,{},
5081320,[DLC - Chief Bloodfiend] Bullet,U,Unapproved screening result,small-short-enemy-bullet,0,0,0,0,205081320,250810320,,12,5,{},
5081321,[DLC - Chief Bloodfiend] Bullet,U,Unapproved screening result,small-short-enemy-bullet,0,0,0,0,205081321,250810321,,12,5,{},
5081620,[DLC - Chief Bloodfiend] Bullet,U,Unapproved screening result,small-short-enemy-bullet,0,0,0,0,205081621,250810620,,12,5,{},
5081635,[DLC - Chief Bloodfiend] Bullet,U,Unapproved screening result,airborne-avoidance,0,0,1,1,205081635,250810635,,12,5,{},
5090250,[DLC - Gravebird] Bullet,U,Unapproved screening result,small-short-enemy-bullet,0,0,0,1,205090250;205090251;205090252,250900250;250900251,,27,34,{},
5120100,[DLC - Bayle the Dread] Bullet,U,Unapproved screening result,small-short-enemy-bullet,0,0,0,1,205120100;205120101;205120102,251200100;251200101;251200102,c5120:3000@2.167;c5120:3017@1.133,3,1,{},
5120160,[DLC - Bayle the Dread] Bullet,U,Unapproved screening result,small-short-enemy-bullet,0,0,0,1,205120164,251200160,c5120:3008@1.033;c5120:3008@1.467;c5120:3008@1.767;c5120:3008@2.133;c5120:3008@2.533;c5120:3008@3.233;c5120:3008@3.400;c5120:3008@3.933;c5120:3008@4.200;c5120:3008@4.533,3,1,{},
5120281,[DLC - Bayle the Dread] Bullet,U,Unapproved screening result,small-short-enemy-bullet,0,0,0,1,205120156;205120286;205120345;205120394;205120398,251200285;251200395;251200282;251200390;251200281;251200340,c5120:3006@2.433;c5120:3025@8.800;c5120:3028@4.367;c5120:3029@1.733;c5120:3029@15.533,3,1,{},
5120421,[DLC - Bayle the Dread] Attack,U,Unapproved screening result,airborne-avoidance,0,0,1,1,,251200421,c5120:3027@4.300,3,1,{},
5120580,[DLC - Bayle the Dread] Bullet,U,Unapproved screening result,small-short-enemy-bullet,0,0,0,1,205120147;205120406;205120585,251200145;251200148;251200149;251200404;251200580,c5120:1700@2.767;c5120:1700@2.900;c5120:1700@2.967;c5120:3013@1.967;c5120:3020@1.367;c5120:3022@2.033;c5120:3023@2.900;c5120:3025@1.867;c5120:3029@8.633;c5120:3031@5.167;c5120:3037@1.733,3,1,{},
5130219,[DLC - Messmer the Impaler] Bullet,U,Unapproved screening result,small-short-enemy-bullet,0,0,0,0,205130219,251300212;251300213;251300214;251300215;251300216;251300217,,7,2,{},
5130240,[DLC - Messmer the Impaler] Bullet,U,Unapproved screening result,small-short-enemy-bullet,0,0,0,0,205130240;205130241;205130242;205130243,251300240,,7,2,{},
5130279,[DLC - Messmer the Impaler] Bullet,U,Unapproved screening result,small-short-enemy-bullet,0,0,0,0,205130279,251300271;251300272;251300273;251300274;251300275;251300276,,7,2,{},
5130289,[DLC - Messmer the Impaler] Bullet,U,Unapproved screening result,small-short-enemy-bullet,0,0,0,0,205130289,251300281;251300282;251300283;251300284;251300285;251300286;251300287;251300288,,7,2,{},
5130351,[DLC - Messmer the Impaler] Bullet,U,Unapproved screening result,small-short-enemy-bullet,0,0,0,0,205130351,251300350,,7,2,{},
5160190,[DLC - Fire Knight] Bullet,U,Unapproved screening result,small-short-enemy-bullet,0,0,0,0,205160190;205160191;205160192;205160193,251600190,,28,9,{},
5160231,[DLC - Fire Knight] Bullet,U,Unapproved screening result,small-short-enemy-bullet,0,0,0,0,205160232,251600231,,28,9,{},
5160241,[DLC - Fire Knight] Bullet,U,Unapproved screening result,small-short-enemy-bullet,0,0,0,0,205160242,251600241,,28,9,{},
5160251,[DLC - Fire Knight] Bullet,U,Unapproved screening result,small-short-enemy-bullet,0,0,0,0,205160252,251600251,,28,9,{},
5160330,[DLC - Fire Knight] Bullet,U,Unapproved screening result,small-short-enemy-bullet,0,0,0,0,205160330;205160331;205160332;205160333;205160350;205160351;205160352;205160353;205160380;205160381;205160382;205160383;205160410;205160411;205160412;205160413,251600330;251600350;251600380;251600410,,28,9,{},
5160390,[DLC - Fire Knight] Bullet,U,Unapproved screening result,small-short-enemy-bullet,0,0,0,0,205160395;205160396,251600390,,28,9,{},
5160570,[DLC - Fire Knight] Bullet,U,Unapproved screening result,small-short-enemy-bullet,0,0,0,0,205160570;205160571;205160572;205160573;205160580;205160581;205160582;205160583;205160590;205160591;205160592;205160593,251600570;251600580;251600590,,28,9,{},
5160611,,U,Unapproved screening result,small-short-enemy-bullet,0,0,0,0,205160611,1180,,28,9,{},
5160612,,U,Unapproved screening result,small-short-enemy-bullet,0,0,0,0,205160612,1181,,28,9,{},
5160613,,U,Unapproved screening result,small-short-enemy-bullet,0,0,0,0,205160613,1182,,28,9,{},
5170205,[DLC - Furnace Golem] Bullet,U,Unapproved screening result,small-short-enemy-bullet,0,0,0,1,205170010;205170020,251700205;251700210,c5170:3006@8.933,14,8,{},
5170245,[DLC - Furnace Golem] Bullet,U,Unapproved screening result,small-short-enemy-bullet,0,0,0,1,205170090;205170091;205170181;205170182,251700245;251700246;251700300,c5170:3005@1.800;c5170:3013@1.800;c5170:3015@0.533,14,8,{},
5170250,[DLC - Furnace Golem] Bullet,C,Furnace Golem rings,airborne-avoidance,0,0,1,1,205170104;205170107,251700251;251700250,c5170:3001@10.600;c5170:3001@2.933;c5170:3001@5.800;c5170:3003@3.367;c5170:3004@3.367,14,8,{},
5170255,[DLC - Furnace Golem] Bullet,C,Furnace Golem rings,airborne-avoidance,0,0,1,1,205170114;205170119;205170161,251700280;251700255;251700256,c5170:3011@4.533;c5170:3015@0.533,14,8,{},
5170290,[DLC - Furnace Golem] Bullet,U,Unapproved screening result,small-short-enemy-bullet,0,0,0,1,205170080;205170100;205170101;205170102;205170103;205170105;205170106;205170110;205170111;205170112;205170113;205170115;205170116;205170117;205170118;205170120;205170160;205170180,251700240;251700250;251700251;251700255;251700256;251700260;251700280;251700300,c5170:3001@10.600;c5170:3001@2.933;c5170:3001@5.800;c5170:3002@3.367;c5170:3003@3.367;c5170:3004@3.367;c5170:3011@4.533;c5170:3012@3.367;c5170:3015@0.533,14,8,{},
5170291,[DLC - Furnace Golem] Bullet,U,Unapproved screening result,small-short-enemy-bullet,0,1,0,1,205170170,251700290,c5170:3014@2.833,14,8,{},
5200121,"[DLC - Metyr, Mother of Fingers] Bullet",U,Unapproved screening result,small-short-enemy-bullet,0,0,0,1,205200121;205200122,252000121,,3,1,{},
5200123,"[DLC - Metyr, Mother of Fingers] Bullet",U,Unapproved screening result,small-short-enemy-bullet,0,0,0,1,205200126,252000123,,3,1,{},
5200161,"[DLC - Metyr, Mother of Fingers] Bullet",U,Unapproved screening result,small-short-enemy-bullet,0,0,0,1,205200161;205200162,252000161;252000162,,3,1,{},
5200201,"[DLC - Metyr, Mother of Fingers] Bullet",U,Unapproved screening result,small-short-enemy-bullet,0,0,0,1,205200201,252000201;252000200,,3,1,{},
5200211,"[DLC - Metyr, Mother of Fingers] Bullet",U,Unapproved screening result,small-short-enemy-bullet,0,0,0,1,205200212,252000212;252000211,,3,1,{},
5200220,"[DLC - Metyr, Mother of Fingers] Bullet",U,Unapproved screening result,small-short-enemy-bullet,0,0,0,1,205200224,252000220;252000228,,3,1,{},
5200221,"[DLC - Metyr, Mother of Fingers] Bullet",U,Unapproved screening result,small-short-enemy-bullet,0,0,0,1,205200227,252000220;252000228,,3,1,{},
5200240,"[DLC - Metyr, Mother of Fingers] Bullet",U,Unapproved screening result,small-short-enemy-bullet,0,0,0,1,205200243;205200244,252000240,,3,1,{},
5200271,"[DLC - Metyr, Mother of Fingers] Bullet",U,Unapproved screening result,small-short-enemy-bullet,0,0,0,1,205200271,252000271,,3,1,{},
5200281,"[DLC - Metyr, Mother of Fingers] Bullet",U,Unapproved screening result,small-short-enemy-bullet,0,0,0,1,205200281,252000281,,3,1,{},
5210151,[DLC - Divine Beast Dancing Lion] Bullet,C,Dancing Lion low-projectile variants,small-short-enemy-bullet,0,0,0,1,205210151;205210152,252100151,c5210:3021@2.100;c5210:3029@2.100,4,3,{},
5210200,[DLC - Divine Beast Dancing Lion] Bullet,U,Unapproved screening result,airborne-avoidance;small-short-enemy-bullet,0,0,1,1,205210201;205210203;205210205;205210207;205210241;205210243;205210245;205210247;205210249,252100200;252100240,c5210:3033@1.900;c5210:3037@10.800,4,3,{},
5210201,,U,Unapproved screening result,airborne-avoidance,0,0,1,1,,,,0,0,{},
5210202,[DLC - Divine Beast Dancing Lion] Bullet,U,Unapproved screening result,small-short-enemy-bullet,0,0,0,1,205210200;205210202;205210204;205210206;205210240;205210242;205210244;205210246,252100200;252100240,c5210:3033@1.900;c5210:3037@10.800,4,3,{},
5210210,[DLC - Divine Beast Dancing Lion] Bullet,U,Unapproved screening result,small-short-enemy-bullet,0,0,0,1,205210210;205210211;205210212;205210213;205210214;205210215;205210216,252100210,c5210:3031@3.167,4,3,{},
5210260,[DLC - Divine Beast Dancing Lion] Bullet,U,Unapproved screening result,small-short-enemy-bullet,0,0,0,1,205210404;205210919;205210922,252100221;252100400;252100410;252100420;252100440;252100190,c5210:20002@1.600;c5210:3000@0.633;c5210:3000@0.700;c5210:3001@0.633;c5210:3001@0.700;c5210:3002@0.800;c5210:3002@0.967;c5210:3002@1.033;c5210:3003@0.000;c5210:3003@0.067;c5210:3005@0.000;c5210:3005@0.967;c5210:3005@1.033;c5210:3006@0.000;c5210:3006@0.833;c5210:3006@0.900;c5210:3007@0.733;c5210:3007@0.900;c5210:3007@0.967;c5210:3010@1.100;c5210:3010@1.267;c5210:3010@1.333;c5210:3011@0.400;c5210:3011@1.033;c5210:3011@1.100;c5210:3012@1.100;c5210:3012@1.333;c5210:3013@0.667;c5210:3013@0.767;c5210:3014@0.500;c5210:3014@0.833;c5210:3014@1.533;c5210:3014@1.600;c5210:3015@0.500;c5210:3015@0.833;c5210:3015@1.533;c5210:3015@1.600;c5210:3016@0.500;c5210:3016@0.833;c5210:3016@1.533;c5210:3016@1.600;c5210:3017@0.500;c5210:3017@0.833;c5210:3017@1.533;c5210:3017@1.600;c5210:3022@0.800;c5210:3022@1.200;c5210:3022@1.833;c5210:3022@2.200;c5210:3022@2.533;c5210:3022@2.600;c5210:3023@0.267;c5210:3023@0.733;c5210:3023@0.800;c5210:3027@0.233;c5210:3027@0.300;c5210:3027@0.367;c5210:3028@0.633;c5210:3028@1.333;c5210:3028@2.367;c5210:3028@2.467;c5210:3028@3.200;c5210:3028@4.033;c5210:3028@4.100;c5210:3029@0.667;c5210:3035@1.100;c5210:3036@1.100;c5210:3037@1.600;c5210:3037@3.700,4,3,{},
5210290,[DLC - Divine Beast Dancing Lion] Bullet,U,Unapproved screening result,airborne-avoidance;small-short-enemy-bullet,0,0,1,1,205210503,252100500,c5210:2000@0.000;c5210:2001@0.000;c5210:2100@0.000;c5210:3000@0.833;c5210:3001@0.567;c5210:3002@0.900;c5210:3003@1.367;c5210:3005@2.367;c5210:3006@1.933;c5210:3007@1.100;c5210:3010@1.300;c5210:3011@1.100;c5210:3012@0.967;c5210:3012@1.233;c5210:3013@0.467;c5210:3013@0.700;c5210:3014@0.967;c5210:3014@1.600;c5210:3015@0.967;c5210:3015@1.600;c5210:3016@0.967;c5210:3016@1.600;c5210:3017@0.967;c5210:3017@1.600;c5210:3022@1.267;c5210:3022@2.433;c5210:3023@0.367;c5210:3023@0.733;c5210:3028@2.500;c5210:3028@3.967,4,3,{},
5210292,[DLC - Divine Beast Dancing Lion] Bullet,U,Unapproved screening result,small-short-enemy-bullet,0,0,0,1,205210502,252100500,c5210:2000@0.000;c5210:2001@0.000;c5210:2100@0.000;c5210:3000@0.833;c5210:3001@0.567;c5210:3002@0.900;c5210:3003@1.367;c5210:3005@2.367;c5210:3006@1.933;c5210:3007@1.100;c5210:3010@1.300;c5210:3011@1.100;c5210:3012@0.967;c5210:3012@1.233;c5210:3013@0.467;c5210:3013@0.700;c5210:3014@0.967;c5210:3014@1.600;c5210:3015@0.967;c5210:3015@1.600;c5210:3016@0.967;c5210:3016@1.600;c5210:3017@0.967;c5210:3017@1.600;c5210:3022@1.267;c5210:3022@2.433;c5210:3023@0.367;c5210:3023@0.733;c5210:3028@2.500;c5210:3028@3.967,4,3,{},
5210310,[DLC - Divine Beast Dancing Lion] Bullet,U,Unapproved screening result,small-short-enemy-bullet,0,0,0,1,205210311;205210600,252100310;252100600,c5210:20023@1.467;c5210:3027@1.533,4,3,{},
5210350,[DLC - Divine Beast Dancing Lion] Bullet,U,Unapproved screening result,small-short-enemy-bullet,0,0,0,1,205210350,252100350,c5210:3004@0.533;c5210:3005@2.333;c5210:3006@1.900;c5210:3027@1.467;c5210:3028@3.933;c5210:3029@0.567,4,3,{},
5210431,[DLC - Divine Beast Dancing Lion] Bullet,C,Dancing Lion low-projectile variants,small-short-enemy-bullet,0,0,0,1,205210431;205210432,252100431,c5210:3021@2.100;c5210:3029@2.100,4,3,{},
5210511,[DLC - Divine Beast Dancing Lion] Bullet,C,Dancing Lion low-projectile variants,small-short-enemy-bullet,0,0,0,1,205210511;205210512,252100511,c5210:3021@2.100;c5210:3029@2.100,4,3,{},
5220162,[DLC - Promised Consort Radahn] Bullet,U,Unapproved screening result,small-short-enemy-bullet,0,0,0,1,205220162,252200162,c5220:3006@1.300;c5220:3028@3.467,6,3,{},
5220190,[DLC - Promised Consort Radahn] Bullet,B,Promised Consort Radahn local wave,small-floor-probe;small-short-enemy-bullet,0,0,0,1,205220190;205220191;205220192,252200190,c5220:3009@0.867,6,3,{},
5220191,[DLC - Promised Consort Radahn] Bullet,C,Consort Radahn holy stomp extension,small-short-enemy-bullet,0,0,0,1,205220193;205220194;205220195,252200191,c5220:3009@0.867,6,3,{},
5220202,[DLC - Promised Consort Radahn] Bullet,U,Unapproved screening result,small-short-enemy-bullet,0,0,0,1,205220202,252200202,,6,3,{},
5220211,[DLC - Promised Consort Radahn] Bullet,U,Unapproved screening result,small-short-enemy-bullet,0,0,0,1,205220211,252200211,c5220:3010@1.800;c5220:3011@1.333,6,3,{},
5220240,[DLC - Promised Consort Radahn] Bullet,U,Unapproved screening result,small-short-enemy-bullet,0,0,0,1,205220241,252200240,c5220:3014@1.833,6,3,{},
5220900,[DLC - Promised Consort Radahn] Bullet,U,Unapproved screening result,small-short-enemy-bullet,0,0,0,1,205220900;205220904,252200900,c5220:3006@2.267;c5220:3028@4.433;c5220:3036@1.800,6,3,{},
5220910,[DLC - Promised Consort Radahn] Bullet,U,Unapproved screening result,small-short-enemy-bullet,0,0,0,1,205220317;205220933;205220945;205220955,252200940;252200941;252200942;252200943;252200950;252200951;252200952;252200953;252200930;252200310,c5220:3000@0.667;c5220:3000@0.733;c5220:3000@0.800;c5220:3000@0.867;c5220:3001@0.733;c5220:3001@0.800;c5220:3001@0.867;c5220:3001@0.933;c5220:3002@1.033;c5220:3002@1.100;c5220:3002@1.167;c5220:3002@1.233;c5220:3002@2.267;c5220:3002@2.333;c5220:3002@2.400;c5220:3002@2.467;c5220:3003@1.233;c5220:3003@1.300;c5220:3003@1.367;c5220:3003@1.433;c5220:3004@1.067;c5220:3005@1.567;c5220:3005@1.633;c5220:3005@1.700;c5220:3005@1.767;c5220:3006@1.233;c5220:3007@0.633;c5220:3007@0.700;c5220:3007@0.767;c5220:3007@0.867;c5220:3007@1.267;c5220:3007@1.333;c5220:3007@1.367;c5220:3007@1.400;c5220:3008@0.833;c5220:3008@0.900;c5220:3008@0.967;c5220:3008@1.033;c5220:3010@1.867;c5220:3011@1.400;c5220:3013@1.800;c5220:3013@3.033;c5220:3018@0.800;c5220:3018@0.867;c5220:3018@0.933;c5220:3018@1.000;c5220:3019@0.867;c5220:3019@0.933;c5220:3019@1.000;c5220:3019@1.067;c5220:3019@1.633;c5220:3019@1.700;c5220:3019@1.767;c5220:3019@1.833;c5220:3025@2.467;c5220:3025@2.533;c5220:3025@2.600;c5220:3025@2.633;c5220:3025@2.700;c5220:3025@2.767;c5220:3026@0.300;c5220:3028@3.467;c5220:3031@2.567;c5220:3032@1.967;c5220:3032@2.033;c5220:3032@2.100;c5220:3032@2.167;c5220:3033@1.467;c5220:3033@1.533;c5220:3033@1.600;c5220:3033@1.667;c5220:3034@1.467;c5220:3034@1.533;c5220:3034@1.600;c5220:3034@1.667;c5220:3035@0.400;c5220:3035@0.467;c5220:3035@0.533;c5220:3035@0.600;c5220:3035@1.867;c5220:3035@1.900;c5220:3035@1.933;c5220:3035@1.967;c5220:3036@0.600,6,3,{},
5230105,[DLC - Scadutree Avatar] Bullet,U,Unapproved screening result,small-short-enemy-bullet,0,0,0,0,205230105,252300105,c5230:3000@1.200,18,6,{},
5230125,[DLC - Scadutree Avatar] Bullet,U,Unapproved screening result,small-short-enemy-bullet,0,0,0,0,205230125,252300125,c5230:3002@2.300,18,6,{},
5230135,[DLC - Scadutree Avatar] Bullet,U,Unapproved screening result,small-short-enemy-bullet,0,0,0,0,205230137,252300135;252300145;252300155;252300165;252300185;252300245;252300255;252300525;252300545,c5230:3008@1.467;c5230:3015@1.467;c5230:3016@1.000;c5230:3016@1.267;c5230:3017@3.600;c5230:3017@3.633,18,6,{},
5230205,[DLC - Scadutree Avatar] Bullet,C,Scadutree Avatar ground-probe impacts,small-short-enemy-bullet,0,0,0,0,205230209,252300205;252300215;252300216,c5230:3005@1.333;c5230:3005@1.467;c5230:3005@1.600;c5230:3006@1.267;c5230:3006@1.433;c5230:3006@1.567,18,6,{},
5230285,[DLC - Scadutree Avatar] Bullet,U,Unapproved screening result,small-short-enemy-bullet,0,0,0,0,205230198;205230233;205230283;205230289;205230304,252300195;252300300;252300365;252300285;252300298;252300299,c5230:3010@5.267;c5230:3019@2.833;c5230:3019@2.900;c5230:3020@1.533,18,6,{},
5230340,[DLC - Scadutree Avatar] Bullet,U,Unapproved screening result,small-short-enemy-bullet,0,0,0,0,205230397;205230398;205230399,252300340,c5230:3030@3.667;c5230:3033@3.667;c5230:3033@6.000;c5230:3033@6.833,18,6,{},
5230440,[DLC - Scadutree Avatar] Bullet,U,Unapproved screening result,small-short-enemy-bullet,0,0,0,0,205230331;205230332;205230336;205230337;205230461;205230462;205230466;205230467,252300320;252300440,c5230:3026@2.000;c5230:3027@2.500,18,6,{},
5240250,[DLC - Commoner (Pot)] Bullet,U,Unapproved screening result,small-short-enemy-bullet,0,0,0,1,205240254;205240340,252400340;252400250,,182,191,{},
5240300,[DLC - Commoner (Pot)] Bullet,U,Unapproved screening result,small-short-enemy-bullet,0,0,0,1,205240300;205240301;205240302;205240303,252400300,,182,191,{},
5240320,[DLC - Commoner (Pot)] Bullet,U,Unapproved screening result,small-short-enemy-bullet,0,0,0,1,205240320,252400320,,182,191,{},
5240330,[DLC - Commoner (Pot)] Bullet,U,Unapproved screening result,small-short-enemy-bullet,0,0,0,1,205240330;205240331,252400330,,182,191,{},
5240370,[DLC - Commoner (Pot)] Bullet,U,Unapproved screening result,small-short-enemy-bullet,0,0,0,1,205240372;205240373;205240374,252400370,,182,191,{},
5250210,[DLC - Horned Warrior] Bullet,U,Unapproved screening result,small-short-enemy-bullet,0,0,0,1,205250211,252500210,c5250:3011@1.333,40,23,{},
5250220,[DLC - Horned Warrior] Bullet,C,Horned Warrior floor effects,small-floor-probe;small-short-enemy-bullet,0,0,0,1,205250221;205250224,252500220,c5250:3012@2.000,40,23,{},
5250250,[DLC - Horned Warrior] Bullet,U,Unapproved screening result,small-short-enemy-bullet,0,0,0,1,205250250;205250251,252500250;252500251,c5250:3015@1.033,40,23,{},
5250290,[DLC - Horned Warrior] Bullet,U,Unapproved screening result,small-short-enemy-bullet,0,0,0,1,205250290,252500290,c5250:3018@0.967;c5250:3019@0.967,40,23,{},
5250451,[DLC - Horned Warrior] Bullet,U,Unapproved screening result,small-short-enemy-bullet,0,0,0,1,205250451,252500451,c5250:1003008@2.067,40,23,{},
5250485,[DLC - Horned Warrior] Bullet,C,Horned Warrior floor effects,small-floor-probe;small-short-enemy-bullet,0,0,0,1,205250487,252500485,c5250:1003010@8.433,40,23,{},
5250491,[DLC - Horned Warrior] Bullet,U,Unapproved screening result,small-short-enemy-bullet,0,0,0,1,205250491;205250492;205250493;205250494;205250495;205250496;205250497;205250498;205250499;205250500;205250501;205250502;205250503;205250504,252500491;252500500,c5250:1003017@3.000,40,23,{},
5250511,[DLC - Horned Warrior] Bullet,U,Unapproved screening result,small-short-enemy-bullet,0,0,0,1,205250511,252500511,c5250:1003013@1.000,40,23,{},
5250521,[DLC - Horned Warrior] Bullet,U,Unapproved screening result,small-short-enemy-bullet,0,0,0,1,205250524;205250525;205250526;205250527;205250528,252500520,c5250:1003014@1.167,40,23,{},
5250540,[DLC - Horned Warrior] Bullet,C,Horned Warrior floor effects,airborne-avoidance;small-short-enemy-bullet,0,0,1,1,205250540;205250541;205250542;205250543;205250544;205250545;205250546;205250547;205250549,252500540,c5250:1003016@1.867,40,23,{},
5250541,[DLC - Horned Warrior] Bullet,C,Horned Warrior floor effects,airborne-avoidance;small-short-enemy-bullet,0,0,1,1,205250548,252500540,c5250:1003016@1.867,40,23,{},
5250581,[DLC - Horned Warrior] Bullet,C,Horned Warrior floor effects,airborne-avoidance;small-short-enemy-bullet,0,0,1,1,205250588,252500583;252500584;252500581;252500582,c5250:1003018@2.733,40,23,{},
5250700,[DLC - Horned Warrior] Bullet,U,Unapproved screening result,small-short-enemy-bullet,0,0,0,1,205250701,252500700;252500702,,40,23,{},
5260221,[DLC - Golem Smith] Bullet,U,Unapproved screening result,airborne-avoidance,1,0,1,1,205260221;205260223;205260227;205260291,252600220;252600224;252600225;252600222;252600226;252600290,c5260:11070@2.633;c5260:3018@0.900;c5260:3018@0.933;c5260:3018@1.467;c5260:3019@1.700;c5260:3020@1.700;c5260:3021@2.800;c5260:3022@1.967;c5260:3022@2.000;c5260:3022@2.533;c5260:3023@2.033;c5260:3024@0.667;c5260:3024@1.367;c5260:3025@0.767;c5260:3025@0.800;c5260:3025@1.333;c5260:3026@1.700;c5260:3032@1.700;c5260:3036@1.700;c5260:3037@0.767;c5260:3037@0.800;c5260:3037@1.333,36,8,{},
5260230,[DLC - Golem Smith] Bullet,B,Golem Smith short impacts,airborne-avoidance;small-short-enemy-bullet,0,0,1,1,205260230,252600230,c5260:3027@1.167;c5260:3034@1.167,36,8,{},
5260231,[DLC - Golem Smith] Bullet,B,Golem Smith short impacts,airborne-avoidance;small-short-enemy-bullet,0,0,1,1,205260231,252600231,c5260:3001@1.700;c5260:3006@2.133;c5260:3007@3.233;c5260:3032@1.700;c5260:3033@1.700,36,8,{},
5260232,[DLC - Golem Smith] Bullet,B,Golem Smith short impacts,airborne-avoidance;small-short-enemy-bullet,0,0,1,1,205260232,252600232,c5260:3015@2.000,36,8,{},
5260281,[DLC - Golem Smith] Bullet,C,Golem Smith thrown-impact child,small-short-enemy-bullet,0,0,0,1,205260282,252600280;252600281,c5260:3028@1.733;c5260:3028@2.067;c5260:3030@1.167;c5260:3030@1.500,36,8,{},
5270140,[DLC - Jar Innards] Bullet,U,Unapproved screening result,airborne-avoidance,0,0,1,1,205270144,252700145;252700140,c5270:1003004@1.833;c5270:3004@1.833,18,7,{},
5271140,[DLC - Jar Innards] Bullet,U,Unapproved screening result,airborne-avoidance,0,0,1,1,205271144,252710145;252710140,,15,3,{},
5280000,[DLC - Winter-Lantern] Bullet,U,Unapproved screening result,small-short-enemy-bullet,1,1,0,0,205280000;205280001;205280002;205280003,252800100;252800101;252800102,,3,4,{},
5300600,"[DLC - Rellana, Twin Moon Knight] Bullet",U,Unapproved screening result,small-short-enemy-bullet,0,0,0,1,205300601;205300602;205300610;205300611;205300626;205300849,253000610;253000600;253000621,c5300:3005@0.567;c5300:3026@0.767;c5300:3026@1.300;c5300:3026@4.567,3,1,{},
5300680,"[DLC - Rellana, Twin Moon Knight] Bullet",U,Unapproved screening result,small-short-enemy-bullet,0,0,0,1,205300683;205300684;205300693;205300694,253000680;253000690,c5300:3027@0.300;c5300:3027@0.400;c5300:3027@0.500;c5300:3027@0.600;c5300:3027@0.667;c5300:3027@0.767;c5300:3027@0.867;c5300:3027@0.967;c5300:3027@1.267;c5300:3027@1.367;c5300:3027@1.467;c5300:3027@1.567;c5300:3027@1.600;c5300:3027@1.700;c5300:3027@1.800;c5300:3027@1.900;c5300:3027@2.100;c5300:3027@2.200;c5300:3027@2.300;c5300:3027@2.367;c5300:3027@2.400;c5300:3027@2.467;c5300:3027@2.567;c5300:3027@2.667,3,1,{},
5300730,"[DLC - Rellana, Twin Moon Knight] Bullet",U,Unapproved screening result,small-short-enemy-bullet,0,0,0,1,205300731;205300732;205300733;205300734;205300735;205300736;205300737;205300738,253000730,c5300:3021@3.733;c5300:3026@2.100;c5300:3026@2.633;c5300:3033@1.633;c5300:3034@1.500,3,1,{},
5300750,"[DLC - Rellana, Twin Moon Knight] Bullet",U,Unapproved screening result,small-short-enemy-bullet,0,0,0,1,205300751;205300752;205300753;205300754;205300755;205300756;205300757;205300758,253000750,c5300:20021@1.433;c5300:20022@0.900;c5300:20023@0.800;c5300:3035@0.733,3,1,{},
5300760,"[DLC - Rellana, Twin Moon Knight] Bullet",C,Rellana three moon pulses,airborne-avoidance,0,0,1,1,205300761,253000760,c5300:3036@2.533,3,1,{},
5300762,"[DLC - Rellana, Twin Moon Knight] Bullet",C,Rellana three moon pulses,airborne-avoidance,0,0,1,1,205300763,253000762,c5300:3036@3.467,3,1,{},
5300764,"[DLC - Rellana, Twin Moon Knight] Bullet",C,Rellana three moon pulses,airborne-avoidance,0,0,1,1,205300768,253000765;253000764,c5300:3036@2.533,3,1,{},
5300765,,U,Unapproved screening result,airborne-avoidance,0,1,1,1,,,,0,0,{},
5300775,,U,Unapproved screening result,airborne-avoidance,0,1,1,1,,,,0,0,{},
5300800,"[DLC - Rellana, Twin Moon Knight] Bullet",U,Unapproved screening result,small-short-enemy-bullet,0,0,0,1,205300821;205300822;205300823;205300824;205300825;205300826;205300827;205300828;205300829;205300830;205300831;205300832;205300834;205300835;205300836;205300840;205300841;205300845;205300846,253000821;253000822;253000801;253000802;253000804;253000807;253000808;253000813;253000814;253000817;253000805;253000811;253000812;253000815;253000816;253000818;253000819;253000820,c5300:3017@0.733,3,1,{},
5300810,,U,Unapproved screening result,small-short-enemy-bullet,0,0,0,1,205300833;205300842;205300843,,,0,0,{},
5300850,"[DLC - Rellana, Twin Moon Knight] Bullet",U,Unapproved screening result,small-short-enemy-bullet,0,0,0,1,205300891;205300896,253000850;253000852;253000853;253000855;253000856;253000858;253000859;253000860;253000861;253000862;253000863;253000864;253000865;253000866;253000868;253000869;253000870,c5300:3008@0.933;c5300:3009@0.933;c5300:3009@1.200;c5300:3010@0.933;c5300:3011@1.067;c5300:3012@1.167;c5300:3014@1.433,3,1,{},
5310210,,U,Unapproved screening result,small-short-enemy-bullet,0,0,0,1,205310210;205310211;205310219;205310320;205310321;205310340,253100210;253100211;253100320;253100340,,47,30,{},
5310220,,U,Unapproved screening result,small-short-enemy-bullet,0,0,0,1,205310220;205310221;205310335;205310336,253100220;253100335,,47,30,{},
5310230,,U,Unapproved screening result,small-short-enemy-bullet,0,0,0,1,205310230,253100230,,47,30,{},
5310240,,U,Unapproved screening result,small-short-enemy-bullet,0,0,0,1,205310240,253100240,,47,30,{},
5310310,,U,Unapproved screening result,small-short-enemy-bullet,0,0,0,1,205310313;205310317,253100310,,47,30,{},
5310350,,U,Unapproved screening result,airborne-avoidance;small-short-enemy-bullet,0,0,1,1,205310351,253100350,,47,30,{},
5310370,[DLC - Fat Inquisitor] Bullet,U,Unapproved screening result,small-short-enemy-bullet,0,0,0,1,205310370;205310371;205310380;205310381;205310390;205310391;205320170;205320171;205320180;205320181,253100370;253100380;253100390;253200170;253200180,,59,34,{},
5320130,[DLC - Fat Inquisitor] Bullet,U,Unapproved screening result,small-short-enemy-bullet,0,0,0,1,205320130;205320131;205320132;205320139;205320200;205320201;205320202,253200130;253200131;253200132;253200200;253200201;253200202,,12,4,{},
5350000,[DLC - Basilisk Eyes] Bullet,U,Unapproved screening result,small-short-enemy-bullet,1,1,0,0,205350000;205350001;205350002;205350003,253500100;253500101;253500102;253500103,,2,2,{},
5360350,[DLC - Giant Beast Skeleton] Bullet,U,Unapproved screening result,small-short-enemy-bullet,0,0,0,1,205360353,253600450,,59,32,{},
5360810,[DLC - Giant Beast Skeleton] Bullet,U,Unapproved screening result,small-short-enemy-bullet,0,0,0,1,205360810,253600910,,59,32,{},
5370241,[DLC - Ancient Dragon Senessax] Bullet,U,Unapproved screening result,small-short-enemy-bullet,0,0,0,0,205370241,253700241,,9,1,{},
5370252,[DLC - Ancient Dragon Senessax] Bullet,U,Unapproved screening result,small-short-enemy-bullet,0,0,0,0,205370252,253700252,,9,1,{},
5370253,[DLC - Ancient Dragon Senessax] Bullet,U,Unapproved screening result,small-short-enemy-bullet,0,0,0,0,205370253,253700253,,9,1,{},
5370381,[DLC - Ancient Dragon Senessax] Attack,U,Unapproved screening result,airborne-avoidance,0,0,1,0,,253700381,,9,1,{},
5370700,[SACRED][DLC - Ancient Dragon Senessax] Bullet,U,Unapproved screening result,small-short-enemy-bullet,0,0,0,0,205370502;205370504;205370506;205370508;205370510,253700501,c5370:3007@4.733;c5370:3016@5.067;c5370:3019@5.467;c5370:3025@2.067;c5370:3026@1.733;c5370:3027@2.567,9,1,{},
5370710,[SACRED][DLC - Ancient Dragon Senessax] Bullet,U,Unapproved screening result,small-short-enemy-bullet,0,0,0,0,205370522,253700520,c5370:3000@3.100;c5370:3000@3.133;c5370:3000@3.167;c5370:3000@3.200;c5370:3002@1.900;c5370:3002@1.933;c5370:3002@1.967;c5370:3002@2.000;c5370:3003@1.300;c5370:3003@1.333;c5370:3003@1.367;c5370:3003@1.400;c5370:3003@1.433;c5370:3005@0.867;c5370:3005@0.933;c5370:3005@0.967;c5370:3005@1.000;c5370:3006@4.133;c5370:3006@4.167;c5370:3006@4.200;c5370:3006@4.233;c5370:3006@4.267;c5370:3032@1.267;c5370:3032@1.300;c5370:3032@1.333;c5370:3032@1.367;c5370:3033@1.733;c5370:3033@1.767;c5370:3033@1.800;c5370:3033@1.833;c5370:3033@1.867;c5370:3034@1.267;c5370:3034@1.300;c5370:3034@1.333;c5370:3034@1.367,9,1,{},
5370711,[SACRED][DLC - Ancient Dragon Senessax] Bullet,U,Unapproved screening result,small-short-enemy-bullet,0,0,0,0,205370526;205370528;205370530;205370532,253700523;253700533;253700536;253700539;253700542;253700545;253700548;253700551;253700554;253700557;253700560;253700563,c5370:3000@3.100;c5370:3000@3.133;c5370:3000@3.167;c5370:3000@3.200;c5370:3002@1.900;c5370:3002@1.933;c5370:3002@1.967;c5370:3002@2.000;c5370:3003@1.300;c5370:3003@1.333;c5370:3003@1.367;c5370:3003@1.400;c5370:3003@1.433;c5370:3005@0.867;c5370:3005@0.933;c5370:3005@0.967;c5370:3005@1.000;c5370:3006@4.133;c5370:3006@4.167;c5370:3006@4.200;c5370:3006@4.233;c5370:3006@4.267;c5370:3032@1.267;c5370:3032@1.300;c5370:3032@1.333;c5370:3032@1.367;c5370:3033@1.733;c5370:3033@1.767;c5370:3033@1.800;c5370:3033@1.833;c5370:3033@1.867;c5370:3034@1.267;c5370:3034@1.300;c5370:3034@1.333;c5370:3034@1.367,9,1,{},
5370720,[SACRED][DLC - Ancient Dragon Senessax] Bullet,U,Unapproved screening result,small-short-enemy-bullet,0,0,0,0,205370512,253700511,c5370:3001@2.200;c5370:3004@1.900;c5370:3031@2.000,9,1,{},
5370721,[SACRED][DLC - Ancient Dragon Senessax] Bullet,U,Unapproved screening result,small-short-enemy-bullet,0,0,0,0,205370515;205370517;205370519,253700513,c5370:3001@2.200;c5370:3004@1.900;c5370:3031@2.000,9,1,{},
5370730,[SACRED][DLC - Ancient Dragon Senessax] Bullet,U,Unapproved screening result,small-short-enemy-bullet,0,0,0,0,205370582,253700580;253700603,c5370:3029@1.333;c5370:3029@3.667;c5370:3030@1.667,9,1,{},
5370731,[SACRED][DLC - Ancient Dragon Senessax] Bullet,U,Unapproved screening result,small-short-enemy-bullet,0,0,0,0,205370584;205370586;205370588;205370590;205370592;205370594;205370596;205370598;205370600;205370602,253700580;253700603,c5370:3029@1.333;c5370:3029@3.667;c5370:3030@1.667,9,1,{},
5370801,[SACRED][DLC - Ancient Dragon Senessax] Bullet,U,Unapproved screening result,small-short-enemy-bullet,0,0,0,0,205370801;205370802;205370803;205370804,253700801;253700802;253700803;253700804,,9,1,{},
5370810,[SACRED][DLC - Ancient Dragon Senessax] Bullet,U,Unapproved screening result,small-short-enemy-bullet,0,0,0,0,205370811;205370832;205370841;205370842;205370843;205370844;205370845;205370846;205370847;205370848;205370849;205370850;205370851;205370852;205370853;205370854;205370855;205370856;205370857;205370858;205370859;205370860;205370861;205370862;205370863;205370864;205370865;205370866;205370867;205370868;205370869;205370870,253700810;253700830,c5370:3023@1.167;c5370:3024@1.533,9,1,{},
5370900,[DLC - Ancient Dragon Senessax] Bullet,U,Unapproved screening result,airborne-avoidance;small-short-enemy-bullet,0,0,1,0,205370900,253700900,,9,1,{},
5370901,[DLC - Ancient Dragon Senessax] Attack,U,Unapproved screening result,airborne-avoidance,0,0,1,0,,253700901,c5370:3011@4.900;c5370:3012@2.800;c5370:3013@3.767,9,1,{},
5370910,[SACRED][DLC - Ancient Dragon Senessax] Bullet,U,Unapproved screening result,small-short-enemy-bullet,0,0,0,0,205370572;205370705;205370912;205370932;205370941;205370951;205370963;205370972,253700940;253700950;253700910;253700930;253700935;253700970;253700960;253700700;253700706;253700709;253700712;253700715;253700718;253700721;253700724;253700727;253700730;253700733;253700736,c5370:3000@1.700;c5370:3006@1.900;c5370:3030@1.667;c5370:3030@3.167,9,1,{},
5370920,[DLC - Ancient Dragon Senessax] Bullet,U,Unapproved screening result,airborne-avoidance;small-short-enemy-bullet,0,0,1,0,205370920,253700920,c5370:3000@1.700;c5370:3004@1.900;c5370:3031@2.000,9,1,{},
5370921,[DLC - Ancient Dragon Senessax] Bullet,U,Unapproved screening result,airborne-avoidance,0,0,1,0,205370921,253700921,c5370:3001@2.200,9,1,{},
5370922,[SACRED][DLC - Ancient Dragon Senessax] Bullet,U,Unapproved screening result,small-short-enemy-bullet,0,0,0,0,205370922,253700922,c5370:3000@1.700;c5370:3006@1.900,9,1,{},
5380130,[DLC - Miranda Blossom] Bullet,D,Ally and holy-seeker false positives,small-short-enemy-bullet,0,0,0,0,205380134;205380135,253800130,c5380:3003@3.800,10,7,{},
5380500,[DLC - Miranda Blossom] Bullet,U,Unapproved screening result,small-short-enemy-bullet,0,0,0,0,205380500,253800500,c5380:1003002@2.867;c5380:3002@2.867,10,7,{},
5380510,[DLC - Miranda Blossom] Bullet,U,Unapproved screening result,small-short-enemy-bullet,0,0,0,0,205380510,253800510,c5380:1003002@2.867;c5380:3002@2.867,10,7,{},
5380520,[DLC - Miranda Blossom] Bullet,U,Unapproved screening result,small-short-enemy-bullet,0,0,0,0,205380520,253800520,c5380:1003002@2.867;c5380:3002@2.867,10,7,{},
5380530,[DLC - Miranda Blossom] Bullet,U,Unapproved screening result,small-short-enemy-bullet,0,0,0,0,205380530,253800530,c5380:1003002@2.867;c5380:3002@2.867,10,7,{},
5381400,[DLC - Miranda Sprout] Bullet,U,Unapproved screening result,small-short-enemy-bullet,0,0,0,0,205381400;205381401,253810400,,15,8,{},
5381410,[DLC - Miranda Sprout] Bullet,U,Unapproved screening result,small-short-enemy-bullet,0,0,0,0,205381410;205381411,253810410,,15,8,{},
5381420,[DLC - Miranda Sprout] Bullet,U,Unapproved screening result,small-short-enemy-bullet,0,0,0,0,205381420;205381421,253810420,,15,8,{},
5381430,[DLC - Miranda Sprout] Bullet,U,Unapproved screening result,small-short-enemy-bullet,0,0,0,0,205381430;205381431,253810430,,15,8,{},
5381500,[DLC - Miranda Sprout] Bullet,U,Unapproved screening result,small-short-enemy-bullet,0,0,0,0,205381500,253810500,,15,8,{},
5381510,[DLC - Miranda Sprout] Bullet,U,Unapproved screening result,small-short-enemy-bullet,0,0,0,0,205381510,253810510,,15,8,{},
5381520,[DLC - Miranda Sprout] Bullet,U,Unapproved screening result,small-short-enemy-bullet,0,0,0,0,205381520,253810520,,15,8,{},
5381530,[DLC - Miranda Sprout] Bullet,U,Unapproved screening result,small-short-enemy-bullet,0,0,0,0,205381530,253810530,,15,8,{},
5381600,[DLC - Miranda Sprout] Bullet,U,Unapproved screening result,small-short-enemy-bullet,0,0,0,0,205381600,253810600,,15,8,{},
5381610,[DLC - Miranda Sprout] Bullet,U,Unapproved screening result,small-short-enemy-bullet,0,0,0,0,205381610,253810610,,15,8,{},
5381620,[DLC - Miranda Sprout] Bullet,U,Unapproved screening result,small-short-enemy-bullet,0,0,0,0,205381620,253810620,,15,8,{},
5381630,[DLC - Miranda Sprout] Bullet,U,Unapproved screening result,small-short-enemy-bullet,0,0,0,0,205381630,253810630,,15,8,{},
5381705,[DLC - Miranda Sprout] Bullet,U,Unapproved screening result,small-short-enemy-bullet,0,0,0,0,205381705,253810705,,15,8,{},
5381900,[DLC - Miranda Sprout] Bullet,U,Unapproved screening result,small-short-enemy-bullet,0,0,0,0,205381900;205381901,253810900,,15,8,{},
5381910,[DLC - Miranda Sprout] Bullet,U,Unapproved screening result,small-short-enemy-bullet,0,0,0,0,205381910;205381911,253810910,,15,8,{},
5381920,[DLC - Miranda Sprout] Bullet,U,Unapproved screening result,small-short-enemy-bullet,0,0,0,0,205381920;205381921,253810920,,15,8,{},
5381930,[DLC - Miranda Sprout] Bullet,U,Unapproved screening result,small-short-enemy-bullet,0,0,0,0,205381930;205381931,253810930,,15,8,{},
5390101,[DLC - Troll] Bullet,B,Local Troll ground impacts,airborne-avoidance;small-short-enemy-bullet,0,0,1,1,205390101,253900101,c5390:3000@0.833,17,5,{},P2
5390103,[DLC - Troll] Bullet,B,Local Troll ground impacts,airborne-avoidance;small-short-enemy-bullet,0,0,1,1,205390103,253900103,c5390:3000@1.933,17,5,{},
5390121,[DLC - Troll] Bullet,B,Local Troll ground impacts,airborne-avoidance;small-short-enemy-bullet,0,0,1,1,205390121,253900121,c5390:3002@1.533,17,5,{},
5390131,[DLC - Troll] Bullet,B,Local Troll ground impacts,airborne-avoidance;small-short-enemy-bullet,0,0,1,1,205390131,253900131,c5390:2003020@0.667;c5390:3003@0.667,17,5,{},P2
5390141,[DLC - Troll] Bullet,B,Additional Troll foot bursts,airborne-avoidance;small-short-enemy-bullet,0,0,1,1,205390141,253900141,c5390:2003021@1.000;c5390:3004@1.000,17,5,{},P2
5390171,[DLC - Troll] Bullet,B,Additional Troll foot bursts,airborne-avoidance;small-short-enemy-bullet,0,0,1,1,205390171,253900171,c5390:3007@0.833,17,5,{},P2
5390181,[DLC - Troll] Bullet,B,Additional Troll foot bursts,airborne-avoidance;small-short-enemy-bullet,0,0,1,1,205390181,253900181,c5390:3008@1.033,17,5,{},P2
5390202,[DLC - Troll] Bullet,U,Unapproved screening result,airborne-avoidance,0,0,1,1,205390202,253900202,c5390:3011@3.833,17,5,{},
5390211,[DLC - Troll] Bullet,B,Additional Troll foot bursts,airborne-avoidance;small-short-enemy-bullet,0,0,1,1,205390211,253900211,c5390:3012@0.833,17,5,{},P2
5390222,[DLC - Troll] Bullet,U,Unapproved screening result,airborne-avoidance,0,0,1,1,205390222,253900222,c5390:20026@3.767;c5390:3018@3.767,17,5,{},
5390251,[DLC - Troll] Bullet,B,Additional Troll hand and weapon pulses,airborne-avoidance;small-short-enemy-bullet,0,0,1,1,205390251,253900251,c5390:3030@1.700,17,5,{},
5390261,[DLC - Troll] Bullet,B,Additional Troll hand and weapon pulses,airborne-avoidance;small-short-enemy-bullet,0,0,1,1,205390261,253900261,c5390:3037@1.700,17,5,{},
5390272,[DLC - Troll] Bullet,U,Unapproved screening result,airborne-avoidance,0,0,1,1,205390272,253900272,,17,5,{},
5390311,[DLC - Troll] Bullet,B,Additional Troll foot bursts,airborne-avoidance;small-short-enemy-bullet,0,0,1,1,205390311,253900311,c5390:1003012@1.600;c5390:3003012@1.600,17,5,{},P2
5390321,[DLC - Troll] Bullet,U,Unapproved screening result,airborne-avoidance,0,0,1,1,205390321,253900321,c5390:1003013@1.267,17,5,{},
5390331,[DLC - Troll] Bullet,U,Unapproved screening result,airborne-avoidance;small-short-enemy-bullet,0,0,1,1,205390331,253900331,,17,5,{},
5390342,[DLC - Troll] Bullet,U,Unapproved screening result,airborne-avoidance,0,0,1,1,205390342,253900342,c5390:1003015@1.400,17,5,{},
5390344,[DLC - Troll] Bullet,B,Additional Troll foot bursts,airborne-avoidance;small-short-enemy-bullet,0,0,1,1,205390344,253900344,c5390:1003015@2.933;c5390:3003015@2.933,17,5,{},P2
5390347,[DLC - Troll] Bullet,U,Unapproved screening result,airborne-avoidance,0,0,1,1,205390347,253900347,c5390:1003015@3.733,17,5,{},
5390351,[DLC - Troll] Bullet,B,Additional Troll foot bursts,airborne-avoidance;small-short-enemy-bullet,0,0,1,1,205390351,253900351,c5390:1003014@1.033;c5390:1003016@1.267;c5390:3003014@1.033;c5390:3003016@1.267,17,5,{},P2
5390362,[DLC - Troll] Bullet,U,Unapproved screening result,airborne-avoidance,0,0,1,1,205390362,253900362,c5390:1003017@3.200,17,5,{},
5390371,[DLC - Troll] Bullet,U,Unapproved screening result,airborne-avoidance,0,0,1,1,205390371,253900371,c5390:1003019@2.767;c5390:1003020@3.933,17,5,{},
5390381,[DLC - Troll] Bullet,B,Additional Troll hand and weapon pulses,airborne-avoidance;small-short-enemy-bullet,0,0,1,1,205390381,253900381,c5390:1003021@2.733,17,5,{},
5390402,[DLC - Troll] Bullet,U,Unapproved screening result,airborne-avoidance,0,0,1,1,205390402,253900402,c5390:1003023@2.700,17,5,{},
5390411,[DLC - Troll] Bullet,U,Unapproved screening result,airborne-avoidance,0,0,1,1,205390411,253900411,c5390:1003033@1.000,17,5,{},
5390422,[DLC - Troll] Bullet,U,Unapproved screening result,airborne-avoidance,0,0,1,1,205390422,253900422,c5390:1003034@1.000,17,5,{},
5390432,[DLC - Troll] Bullet,U,Unapproved screening result,airborne-avoidance,0,0,1,1,205390432,253900432,c5390:1003035@1.800;c5390:1003036@1.800,17,5,{},
5390448,[DLC - Troll] Bullet,B,Additional Troll foot bursts,airborne-avoidance;small-short-enemy-bullet,0,0,1,1,205390448,253900448,c5390:1003037@4.100,17,5,{},P2
5390449,[DLC - Troll] Bullet,U,Unapproved screening result,airborne-avoidance,0,0,1,1,205390449,253900449,c5390:1003037@4.400,17,5,{},
5390450,[DLC - Troll] Bullet,B,Additional Troll foot bursts,airborne-avoidance;small-short-enemy-bullet,0,0,1,1,205390450,253900450,c5390:1003037@5.433,17,5,{},P2
5390451,[DLC - Troll] Bullet,U,Unapproved screening result,airborne-avoidance,0,0,1,1,205390451,253900451,c5390:1003037@5.633,17,5,{},
5390452,[DLC - Troll] Bullet,U,Unapproved screening result,airborne-avoidance,0,0,1,1,205390452,253900452,c5390:1003037@6.700,17,5,{},
5390453,[DLC - Troll] Bullet,U,Unapproved screening result,airborne-avoidance,0,0,1,1,205390453,253900453,c5390:1003037@7.467,17,5,{},
5390463,[DLC - Troll] Bullet,B,Additional Troll foot bursts,airborne-avoidance;small-short-enemy-bullet,0,0,1,1,205390463,253900463,c5390:1003038@2.500,17,5,{},P2
5390464,[DLC - Troll] Bullet,U,Unapproved screening result,airborne-avoidance,0,0,1,1,205390464,253900464,c5390:1003038@3.167,17,5,{},
5390465,[DLC - Troll] Bullet,U,Unapproved screening result,airborne-avoidance,0,0,1,1,205390465,253900465,c5390:1003038@5.467,17,5,{},
5390466,[DLC - Troll] Bullet,U,Unapproved screening result,airborne-avoidance,0,0,1,1,205390466,253900466;253900465,c5390:1003038@5.467,17,5,{},
5390471,[DLC - Troll] Bullet,B,Additional Troll foot bursts,airborne-avoidance;small-short-enemy-bullet,0,0,1,1,205390471,253900471,c5390:1003015@1.067;c5390:3003015@1.067,17,5,{},P2
5390511,[DLC - Troll] Bullet,U,Unapproved screening result,airborne-avoidance,0,0,1,1,205390511,253900511,c5390:3003013@1.267,17,5,{},
5390531,[DLC - Troll] Bullet,U,Unapproved screening result,airborne-avoidance,0,0,1,1,205390531,253900531,c5390:3003015@1.400,17,5,{},
5390533,[DLC - Troll] Bullet,U,Unapproved screening result,airborne-avoidance,0,0,1,1,205390533,253900533,c5390:3003015@3.733,17,5,{},
5390551,[DLC - Troll] Bullet,U,Unapproved screening result,airborne-avoidance,0,0,1,1,205390551,253900551,c5390:3003017@3.200,17,5,{},
5390561,[DLC - Troll] Bullet,U,Unapproved screening result,airborne-avoidance,0,0,1,1,205390561,253900561,c5390:3003019@2.767;c5390:3003020@3.933,17,5,{},
5390571,[DLC - Troll] Bullet,B,Additional Troll hand and weapon pulses,airborne-avoidance;small-short-enemy-bullet,0,0,1,1,205390571,253900571,c5390:3003021@2.733,17,5,{},
5390591,[DLC - Troll] Bullet,U,Unapproved screening result,airborne-avoidance,0,0,1,1,205390591,253900591,c5390:3003023@2.700,17,5,{},
5390601,[DLC - Troll] Bullet,U,Unapproved screening result,airborne-avoidance,0,0,1,1,205390601,253900601,c5390:3003033@1.000,17,5,{},
5390611,[DLC - Troll] Bullet,U,Unapproved screening result,airborne-avoidance,0,0,1,1,205390611,253900611,c5390:3003034@1.000,17,5,{},
5390621,[DLC - Troll] Bullet,U,Unapproved screening result,airborne-avoidance,0,0,1,1,205390621,253900621,c5390:3003035@1.800,17,5,{},
5390700,[DLC - Troll] Bullet,U,Unapproved screening result,small-short-enemy-bullet,0,0,0,1,205390700,253900700,c5390:3022@2.700;c5390:3022@2.967;c5390:3022@3.700;c5390:3023@10.067;c5390:3023@10.900;c5390:3023@3.767;c5390:3023@4.167;c5390:3023@5.167;c5390:3023@5.500;c5390:3023@6.167;c5390:3023@7.167;c5390:3023@7.433;c5390:3023@7.767;c5390:3023@8.767;c5390:3023@9.300,17,5,{},
5390701,[DLC - Troll] Bullet,U,Unapproved screening result,small-short-enemy-bullet,0,0,0,1,205390701,253900701,c5390:3022@2.700;c5390:3022@2.967;c5390:3022@3.700;c5390:3023@10.067;c5390:3023@10.900;c5390:3023@3.767;c5390:3023@4.167;c5390:3023@5.167;c5390:3023@5.500;c5390:3023@6.167;c5390:3023@7.167;c5390:3023@7.433;c5390:3023@7.767;c5390:3023@8.767;c5390:3023@9.300,17,5,{},
5390702,[DLC - Troll] Bullet,U,Unapproved screening result,small-short-enemy-bullet,0,0,0,1,205390702,253900702,c5390:3022@2.700;c5390:3022@2.967;c5390:3022@3.700;c5390:3023@10.067;c5390:3023@10.900;c5390:3023@3.767;c5390:3023@4.167;c5390:3023@5.167;c5390:3023@5.500;c5390:3023@6.167;c5390:3023@7.167;c5390:3023@7.433;c5390:3023@7.767;c5390:3023@8.767;c5390:3023@9.300,17,5,{},
5390704,[DLC - Troll] Bullet,U,Unapproved screening result,small-short-enemy-bullet,0,0,0,1,205390704,253900704;253900703;253900700;253900701;253900702;253900710;253900711;253900712;253900720;253900721;253900722;253900730;253900731;253900732,c5390:3022@2.700;c5390:3022@2.967;c5390:3022@3.700;c5390:3023@10.067;c5390:3023@10.167;c5390:3023@10.267;c5390:3023@10.367;c5390:3023@10.900;c5390:3023@11.000;c5390:3023@11.100;c5390:3023@11.200;c5390:3023@3.767;c5390:3023@4.167;c5390:3023@5.167;c5390:3023@5.500;c5390:3023@6.167;c5390:3023@7.167;c5390:3023@7.433;c5390:3023@7.767;c5390:3023@8.767;c5390:3023@8.867;c5390:3023@8.967;c5390:3023@9.067;c5390:3023@9.300;c5390:3023@9.400;c5390:3023@9.500;c5390:3023@9.600,17,5,{},
5390710,[DLC - Troll] Bullet,U,Unapproved screening result,small-short-enemy-bullet,0,0,0,1,205390710,253900710,c5390:3023@10.167;c5390:3023@11.000;c5390:3023@8.867;c5390:3023@9.400,17,5,{},
5390711,[DLC - Troll] Bullet,U,Unapproved screening result,small-short-enemy-bullet,0,0,0,1,205390711,253900711,c5390:3023@10.167;c5390:3023@11.000;c5390:3023@8.867;c5390:3023@9.400,17,5,{},
5390712,[DLC - Troll] Bullet,U,Unapproved screening result,small-short-enemy-bullet,0,0,0,1,205390712,253900712,c5390:3023@10.167;c5390:3023@11.000;c5390:3023@8.867;c5390:3023@9.400,17,5,{},
5390720,[DLC - Troll] Bullet,U,Unapproved screening result,small-short-enemy-bullet,0,0,0,1,205390720,253900720,c5390:3023@10.267;c5390:3023@11.100;c5390:3023@8.967;c5390:3023@9.500,17,5,{},
5390721,[DLC - Troll] Bullet,U,Unapproved screening result,small-short-enemy-bullet,0,0,0,1,205390721,253900721,c5390:3023@10.267;c5390:3023@11.100;c5390:3023@8.967;c5390:3023@9.500,17,5,{},
5390722,[DLC - Troll] Bullet,U,Unapproved screening result,small-short-enemy-bullet,0,0,0,1,205390722,253900722,c5390:3023@10.267;c5390:3023@11.100;c5390:3023@8.967;c5390:3023@9.500,17,5,{},
5390730,[DLC - Troll] Bullet,U,Unapproved screening result,small-short-enemy-bullet,0,0,0,1,205390730,253900730,c5390:3023@10.367;c5390:3023@11.200;c5390:3023@9.067;c5390:3023@9.600,17,5,{},
5390731,[DLC - Troll] Bullet,U,Unapproved screening result,small-short-enemy-bullet,0,0,0,1,205390731,253900731,c5390:3023@10.367;c5390:3023@11.200;c5390:3023@9.067;c5390:3023@9.600,17,5,{},
5390732,[DLC - Troll] Bullet,U,Unapproved screening result,small-short-enemy-bullet,0,0,0,1,205390732,253900732,c5390:3023@10.367;c5390:3023@11.200;c5390:3023@9.067;c5390:3023@9.600,17,5,{},
5390930,[DLC - Troll] Bullet,U,Unapproved screening result,small-short-enemy-bullet,0,0,0,1,205390930,253900930,c5390:20021@0.000,17,5,{},
5390940,[DLC - Troll] Bullet,U,Unapproved screening result,airborne-avoidance,0,0,1,1,205390940,253900940,c5390:20006@0.033,17,5,{},
5390971,[DLC - Troll] Bullet,U,Unapproved screening result,small-short-enemy-bullet,0,0,0,1,205390971,253900971,,17,5,{},
5420900,,U,Unapproved screening result,airborne-avoidance;small-short-enemy-bullet,0,0,1,1,205420900,254200900,,14,11,{},
5500130,[DLC - Living Magma] Bullet,U,Unapproved screening result,small-short-enemy-bullet,0,0,0,1,205500130,255000130,c5500:2010000@2.900;c5500:2011011@2.600;c5500:3010@3.433,36,9,{},
5500131,,U,Unapproved screening result,small-short-enemy-bullet,0,0,0,1,205500132;205500133;205500134;205500135,,,0,0,{},
5500150,[DLC - Living Magma] Attack,U,Unapproved screening result,airborne-avoidance,0,0,1,1,,255000150,c5500:1800@0.000;c5500:7000@0.000,36,9,{},
5501130,,U,Unapproved screening result,small-short-enemy-bullet,0,0,0,1,205501130,255010130,,9,0,{},
5501131,,U,Unapproved screening result,small-short-enemy-bullet,0,0,0,1,205501132;205501133;205501134;205501135,255010130,,9,0,{},
5501150,,U,Unapproved screening result,airborne-avoidance,0,0,1,1,,255010150,,9,0,{},
5511926,[DLC - Shade] Bullet,U,Unapproved screening result,small-short-enemy-bullet,0,0,0,0,205511926,255110926,,4,2,{},
5511927,[DLC - Shade] Bullet,U,Unapproved screening result,small-short-enemy-bullet,0,0,0,0,205511927,255110927,,4,2,{},
5512926,[DLC - Shade] Bullet,U,Unapproved screening result,small-short-enemy-bullet,0,0,0,0,205512926,255120926,,4,0,{},
5512927,[DLC - Shade] Bullet,U,Unapproved screening result,small-short-enemy-bullet,0,0,0,0,205512927,255120927,,4,0,{},
5550400,[DLC - Fingercreeper] Bullet,U,Unapproved screening result,small-short-enemy-bullet,0,0,0,0,205550402,255500400;255510400,,38,14,{},
5551400,,U,Unapproved screening result,small-short-enemy-bullet,0,0,0,0,205551402,,,0,0,{},
5570070,[DLC - Marionette Soldier] Bullet,U,Unapproved screening result,small-short-enemy-bullet,0,0,0,1,205570070;205570071,255700170,,10,13,{},
5570075,[DLC - Marionette Soldier] Bullet,U,Unapproved screening result,small-short-enemy-bullet,0,0,0,1,205570075;205570076,255700171,,10,13,{},
5570080,[DLC - Marionette Soldier] Bullet,U,Unapproved screening result,small-short-enemy-bullet,0,0,0,1,205570080;205570081,255700172,,10,13,{},
5570085,[DLC - Marionette Soldier] Bullet,U,Unapproved screening result,small-short-enemy-bullet,0,0,0,1,205570085;205570086,255700173,,10,13,{},
5570310,[DLC - Marionette Soldier] Bullet,U,Unapproved screening result,small-short-enemy-bullet,0,0,0,1,205570312,255700410,,10,13,{},
5570320,[DLC - Marionette Soldier] Bullet,U,Unapproved screening result,small-short-enemy-bullet,0,0,0,1,205570322,255700420,,10,13,{},
5580140,[DLC - Jagged Peak Drake] Attack,U,Unapproved screening result,airborne-avoidance,0,0,1,1,,255800140,c5580:3004@2.467,7,3,{},
5580151,[DLC - Jagged Peak Drake] Bullet,U,Unapproved screening result,airborne-avoidance;small-short-enemy-bullet,0,0,1,1,205580151,255800151;255800354,c5580:3005@3.467,7,3,{},
5580161,[DLC - Jagged Peak Drake] Bullet,U,Unapproved screening result,airborne-avoidance;small-short-enemy-bullet,0,0,1,1,205580161,255800161;255800352,c5580:3006@3.433;c5580:3038@3.667;c5580:3038@5.567,7,3,{},
5580201,[DLC - Jagged Peak Drake] Bullet,C,Dragon foot bursts,airborne-avoidance,0,0,1,1,205580201,255800201,c5580:3010@1.800,7,3,{},
5580211,[DLC - Jagged Peak Drake] Bullet,C,Dragon foot bursts,airborne-avoidance,0,0,1,1,205580211,255800211,c5580:3011@1.800,7,3,{},
5580223,[DLC - Jagged Peak Drake] Bullet,U,Unapproved screening result,airborne-avoidance,0,0,1,1,205580223,255800223,c5580:3012@5.133;c5580:3037@5.133,7,3,{},
5580224,[DLC - Jagged Peak Drake] Bullet,U,Unapproved screening result,airborne-avoidance,0,0,1,1,205580224,255800224,c5580:3012@5.200;c5580:3037@5.200,7,3,{},
5580231,[DLC - Jagged Peak Drake] Bullet,U,Unapproved screening result,small-short-enemy-bullet,0,0,0,1,205580231,255800231;255800230,c5580:3016@3.600,7,3,{},
5580241,[DLC - Jagged Peak Drake] Bullet,U,Unapproved screening result,small-short-enemy-bullet,0,0,0,1,205580241,255800241;255800240,c5580:3016@3.667,7,3,{},
5580250,[DLC - Jagged Peak Drake] Attack,U,Unapproved screening result,airborne-avoidance,0,0,1,1,,255800250,c5580:3017@1.933,7,3,{},
5580271,[DLC - Jagged Peak Drake] Bullet,C,Dragon foot bursts,airborne-avoidance,0,0,1,1,205580271,255800271,c5580:3030@2.333,7,3,{},
5580281,[DLC - Jagged Peak Drake] Bullet,C,Dragon foot bursts,airborne-avoidance,0,0,1,1,205580281,255800281,c5580:3031@2.367,7,3,{},
5580291,[DLC - Jagged Peak Drake] Bullet,U,Unapproved screening result,small-short-enemy-bullet,0,0,0,1,205580291,255800291;255800290,c5580:3032@3.200,7,3,{},
5580301,[DLC - Jagged Peak Drake] Bullet,U,Unapproved screening result,small-short-enemy-bullet,0,0,0,1,205580301,255800301;255800300,c5580:3032@3.333,7,3,{},
5580311,[DLC - Jagged Peak Drake] Bullet,U,Unapproved screening result,airborne-avoidance,0,0,1,1,205580311,255800311,c5580:3033@2.267,7,3,{},
5580331,[DLC - Jagged Peak Drake] Bullet,U,Unapproved screening result,small-short-enemy-bullet,0,0,0,1,205580331,255800331;255800330,c5580:3035@3.667;c5580:3035@4.300;c5580:3035@4.700;c5580:3035@5.100;c5580:3035@5.467,7,3,{},
5580341,[DLC - Jagged Peak Drake] Bullet,U,Unapproved screening result,small-short-enemy-bullet,0,0,0,1,205580341,255800341;255800340,c5580:3035@3.733;c5580:3035@4.100;c5580:3035@4.500;c5580:3035@4.900;c5580:3035@5.300;c5580:3035@5.733,7,3,{},
5580380,[DLC - Jagged Peak Drake] Bullet,U,Unapproved screening result,small-short-enemy-bullet,0,0,0,1,205580386,255800386;255800380;255800388,c5580:3019@1.000;c5580:3019@1.533,7,3,{},
5580911,[DLC - Jagged Peak Drake] Bullet,U,Unapproved screening result,airborne-avoidance,0,0,1,1,205580911,255800911,c5580:1701@4.500;c5580:1701@4.533;c5580:1701@5.167;c5580:1701@5.200;c5580:1701@5.300;c5580:1701@5.533;c5580:1701@5.933;c5580:1701@6.133;c5580:1701@6.367;c5580:1701@6.667;c5580:20005@4.500;c5580:20005@4.533;c5580:20005@5.167;c5580:20005@5.200;c5580:20005@5.300;c5580:20005@5.533;c5580:20005@5.933;c5580:20005@6.133;c5580:20005@6.367;c5580:20005@6.667,7,3,{},
5600090,[DLC - Catacomb Skeleton] Bullet,U,Unapproved screening result,small-short-enemy-bullet,0,0,0,1,205600091,256000090,,23,6,{},
5600700,[DLC - Catacomb Skeleton] Bullet,U,Unapproved screening result,small-short-enemy-bullet,0,0,0,1,205600700;205600702,256000700;256000701,,23,6,{},
5620105,[DLC - Tibia Mariner] Bullet,U,Unapproved screening result,small-short-enemy-bullet,0,0,0,0,205620105,256200105,,2,1,{},
5620135,[DLC - Tibia Mariner] Bullet,U,Unapproved screening result,small-short-enemy-bullet,0,0,0,0,205620135,256200135,,2,1,{},
5640250,[DLC - Giant Crab] Bullet,U,Unapproved screening result,small-short-enemy-bullet,1,0,0,1,205640250,256400250,,7,7,{},
5640260,[DLC - Giant Crab] Bullet,U,Unapproved screening result,small-short-enemy-bullet,1,0,0,1,205640260,256400260,,7,7,{},
5650110,[DLC - Messmer Foot Soldier] Bullet,U,Unapproved screening result,small-short-enemy-bullet,0,0,0,1,205650110;205650111,256500110,,52,32,{},
5650130,[DLC - Messmer Foot Soldier] Bullet,U,Unapproved screening result,small-short-enemy-bullet,0,0,0,1,205650130;205650131,256500130,,52,32,{},
5650131,,U,Unapproved screening result,small-short-enemy-bullet,0,0,0,1,205650133;205650134;205650135;205650136;205650137,,,0,0,{},
5650140,[DLC - Messmer Foot Soldier] Bullet,U,Unapproved screening result,small-short-enemy-bullet,0,0,0,1,205650140;205650141,256500140,,52,32,{},
5650260,[DLC - Messmer Foot Soldier] Bullet,U,Unapproved screening result,small-short-enemy-bullet,0,0,0,1,205650260,256500260,,52,32,{},
5650290,[DLC - Messmer Foot Soldier] Bullet,U,Unapproved screening result,small-short-enemy-bullet,0,0,0,1,205650291;205650292,256500290,,52,32,{},
5650370,[DLC - Messmer Foot Soldier] Bullet,U,Unapproved screening result,small-short-enemy-bullet,0,0,0,1,205650370;205650371;205650372,256500370,,52,32,{},
5650371,[DLC - Messmer Foot Soldier] Bullet,U,Unapproved screening result,small-short-enemy-bullet,0,0,0,1,205650373,256500370,,52,32,{},
5650900,[DLC - Owl] Bullet,U,Unapproved screening result,small-short-enemy-bullet,0,1,0,1,205430100;205650900,254300100;256500900,,70,59,{},
5661700,[DLC - Shadow Militia] Bullet,U,Unapproved screening result,small-short-enemy-bullet,0,0,0,1,205661603;205661604;205661701,256610800;256610820;256610700,,24,25,{},
5661750,[DLC - Shadow Militia] Bullet,U,Unapproved screening result,small-short-enemy-bullet,0,0,0,1,205661750;205661751;205661752;205661753;205661754;205661755;205661756;205661850;205661851;205661852;205661853;205661854;205661855;205661856,256610850,,24,25,{},
5670012,,U,Unapproved screening result,small-short-enemy-bullet,0,0,0,0,205670012,256700112;256700111;256700101,,2,0,{},
5680101,[DLC - Wheeled Ballista] Bullet,U,Unapproved screening result,small-short-enemy-bullet,0,0,0,0,205680102,256800100,,3,1,{},
5690010,[DLC - Dragon-faced Flamethrower] Bullet,U,Unapproved screening result,small-short-enemy-bullet,0,0,0,0,205690010,256900110,,2,2,{},
5700236,[DLC - Demi-Human] Bullet,U,Unapproved screening result,small-short-enemy-bullet,0,0,0,1,205700236,257000236;257000235,,15,7,{},
5700416,[DLC - Demi-Human] Bullet,U,Unapproved screening result,small-short-enemy-bullet,0,0,0,1,205700416,257000416;257000415,,15,7,{},
5700900,[DLC - Demi-Human] Bullet,U,Unapproved screening result,small-short-enemy-bullet,0,1,0,1,205700900,257000900,,15,7,{},
5701900,[DLC - Demi-Human (Large)] Bullet,U,Unapproved screening result,small-short-enemy-bullet,0,1,0,1,205701900,257010900,,3,4,{},
5710900,[DLC - Demi-Human Shaman] Bullet,U,Unapproved screening result,small-short-enemy-bullet,0,1,0,1,205710900,257100900,,5,2,{},
5720900,[DLC - Demi-Human Chief] Bullet,U,Unapproved screening result,small-short-enemy-bullet,0,1,0,1,205720900,257200900,,4,2,{},
5730102,[DLC - Demi-Human Queen] Bullet,B,Demi-Human Queen local bursts,airborne-avoidance;small-short-enemy-bullet,0,0,1,1,205730102,257300102,c5730:3000@0.933;c5730:3001@1.067;c5730:3002@1.367,4,1,{},
5730136,[DLC - Demi-Human Queen] Bullet,B,Demi-Human Queen local bursts,airborne-avoidance;small-short-enemy-bullet,0,0,1,1,205730136,257300136,c5730:3004@1.033,4,1,{},
5730182,[DLC - Demi-Human Queen] Bullet,B,Demi-Human Queen local bursts,airborne-avoidance;small-short-enemy-bullet,0,0,1,1,205730182,257300182,c5730:1003013@2.767;c5730:1003015@0.533;c5730:1003016@1.800;c5730:1003017@5.200;c5730:1003019@2.033,4,1,{},
5730183,[DLC - Demi-Human Queen] Bullet,B,Demi-Human Queen local bursts,airborne-avoidance;small-short-enemy-bullet,0,0,1,1,205730183,257300183,c5730:1003013@2.733;c5730:1003016@1.633;c5730:1003017@3.233;c5730:1003017@5.233;c5730:1003019@2.033,4,1,{},
5730910,[DLC - Demi-Human Queen] Bullet,U,Unapproved screening result,small-short-enemy-bullet,0,1,0,1,205730910,257300910,c5730:1003035@1.500;c5730:3032@1.833;c5730:3033@5.000;c5730:3035@1.833,4,1,{},
5750171,,U,Unapproved screening result,airborne-avoidance,0,0,1,1,205750171,,,0,0,{},
5750181,,U,Unapproved screening result,small-short-enemy-bullet,0,0,0,1,205750181,,,0,0,{},
5750183,,U,Unapproved screening result,small-short-enemy-bullet,0,0,0,1,205750183,,,0,0,{},
5770800,,U,Unapproved screening result,small-short-enemy-bullet,0,0,0,0,205770800,257700800,,3,0,{},
5770900,,U,Unapproved screening result,airborne-avoidance,0,0,1,0,205770901,,,0,0,{},
5780260,[DLC - Runebear] Bullet,U,Unapproved screening result,small-short-enemy-bullet,0,0,0,1,205780260;205780261,257800260,c5780:3007@1.400,6,4,{},
5780410,[DLC - Runebear] Attack,C,Runebear local ground AoEs,airborne-avoidance,0,0,1,1,,257800410,c5780:20003@2.233;c5780:3002@2.167;c5780:3036@1.367;c5780:3038@2.233,6,4,{},
5780411,[DLC - Runebear] Attack,C,Runebear local ground AoEs,airborne-avoidance,0,0,1,1,,257800411,c5780:3021@1.500;c5780:3024@1.833;c5780:3024@2.667;c5780:3034@1.367;c5780:3034@2.200;c5780:3036@1.533,6,4,{},
5790310,[DLC - Guardian Golem] Bullet,U,Unapproved screening result,small-short-enemy-bullet,0,0,0,0,205790310;205790320,257900310;257900320,c5790:3007@2.600;c5790:3008@1.433;c5790:3021@3.900,21,6,{},
5790311,[DLC - Guardian Golem] Bullet,U,Unapproved screening result,small-short-enemy-bullet,0,0,0,0,205790311;205790321,257900311;257900321;257900320,c5790:3007@2.600;c5790:3021@3.900,21,6,{},
5790330,[DLC - Guardian Golem] Bullet,U,Unapproved screening result,small-short-enemy-bullet,0,0,0,0,205790330;205790331,257900330,c5790:3010@5.000,21,6,{},
5790501,[DLC - Guardian Golem] Bullet,D,Guardian Golem bow-impact false positives,airborne-avoidance;small-short-enemy-bullet,0,0,1,0,205790503;205790508,257900500;257900510;257900504;257900514,c5790:3030@7.700;c5790:3031@7.700,21,6,{},
5790506,[DLC - Guardian Golem] Bullet,D,Guardian Golem bow-impact false positives,airborne-avoidance,0,0,1,0,205790507,257900505;257900515,c5790:3030@7.700;c5790:3031@7.700,21,6,{},
5790610,,U,Unapproved screening result,small-short-enemy-bullet,0,0,0,0,205790614;205790624;205790634,,,0,0,{},
5790740,[DLC - Guardian Golem] Bullet,C,Guardian Golem selected impacts,airborne-avoidance;small-short-enemy-bullet,0,0,1,0,205790740,257900740,c5790:3000@1.267;c5790:3016@0.600;c5790:3016@1.933;c5790:3016@2.900;c5790:3016@3.700;c5790:3017@0.600;c5790:3017@1.733;c5790:3018@0.867;c5790:3018@1.800;c5790:3018@2.667;c5790:3019@0.600;c5790:3020@0.967;c5790:3022@0.967,21,6,{},
5790741,[DLC - Guardian Golem] Bullet,C,Guardian Golem selected impacts,airborne-avoidance;small-short-enemy-bullet,0,0,1,0,205790741,257900741,c5790:3032@1.467;c5790:3032@3.133;c5790:3032@5.333,21,6,{},
5790750,[DLC - Guardian Golem] Bullet,C,Guardian Golem selected impacts,airborne-avoidance;small-short-enemy-bullet,0,0,1,0,205790750,257900750,c5790:3005@2.633;c5790:3010@1.800,21,6,{},
5790751,[DLC - Guardian Golem] Bullet,C,Guardian Golem selected impacts,airborne-avoidance;small-short-enemy-bullet,0,0,1,0,205790751,257900751,c5790:3000@1.367;c5790:3003@2.800;c5790:3016@2.200;c5790:3016@3.033;c5790:3016@3.800;c5790:3016@5.100;c5790:3017@1.967;c5790:3017@2.867;c5790:3017@3.833;c5790:3017@5.200;c5790:3018@1.033;c5790:3018@1.933;c5790:3018@2.700;c5790:3018@4.000;c5790:3019@0.867;c5790:3019@1.767;c5790:3019@2.733;c5790:3019@4.100;c5790:3020@3.200,21,6,{},
5790752,[DLC - Guardian Golem] Bullet,C,Guardian Golem selected impacts,airborne-avoidance,0,0,1,0,205790752,257900752,c5790:3003@4.767,21,6,{},
5790755,[DLC - Guardian Golem] Bullet,C,Guardian Golem selected impacts,airborne-avoidance;small-short-enemy-bullet,0,0,1,0,205790755,257900755,c5790:3005@2.633;c5790:3010@1.800,21,6,{},
5790756,[DLC - Guardian Golem] Bullet,C,Guardian Golem selected impacts,airborne-avoidance;small-short-enemy-bullet,0,0,1,0,205790756,257900756,c5790:3000@1.367;c5790:3003@2.800;c5790:3016@2.200;c5790:3016@3.033;c5790:3016@3.800;c5790:3016@5.100;c5790:3017@1.967;c5790:3017@2.867;c5790:3017@3.833;c5790:3017@5.200;c5790:3018@1.033;c5790:3018@1.933;c5790:3018@2.700;c5790:3018@4.000;c5790:3019@0.867;c5790:3019@1.767;c5790:3019@2.733;c5790:3019@4.100;c5790:3020@3.200;c5790:3025@1.133,21,6,{},
5790757,[DLC - Guardian Golem] Bullet,C,Guardian Golem selected impacts,airborne-avoidance,0,0,1,0,205790757,257900757,c5790:3003@4.767,21,6,{},
5800300,[DLC - Crucible Knight Devonia] Bullet,U,Unapproved screening result,small-short-enemy-bullet,0,0,0,1,205800300,258000300,c5800:3003@0.900;c5800:3007@1.400,3,2,{},
5800302,[DLC - Crucible Knight Devonia] Bullet,A,Devonia foot and hammer waves,airborne-avoidance;small-floor-probe;small-short-enemy-bullet,0,0,1,1,205800302;205800312,258000300;258000310,c5800:3002@1.533;c5800:3003@0.900;c5800:3004@1.767;c5800:3005@1.867;c5800:3007@1.400,3,2,{},P1
5800310,[DLC - Crucible Knight Devonia] Bullet,U,Unapproved screening result,small-short-enemy-bullet,0,0,0,1,205800310,258000310,c5800:3002@1.533;c5800:3004@1.767;c5800:3005@1.867,3,2,{},
5800313,,U,Unapproved screening result,airborne-avoidance,0,0,1,1,,,,0,0,{},
5800320,[DLC - Crucible Knight Devonia] Bullet,U,Unapproved screening result,small-short-enemy-bullet,0,0,0,1,205800320;205800321;205800322;205800323;205800324;205800325;205800326;205800327,258000320,,3,2,{},
5800322,[DLC - Crucible Knight Devonia] Bullet,U,Unapproved screening result,small-short-enemy-bullet,0,0,0,1,205800332,258000320,,3,2,{},
5800323,[DLC - Crucible Knight Devonia] Bullet,U,Unapproved screening result,airborne-avoidance;small-short-enemy-bullet,0,0,1,1,205800333;205800337,258000337;258000320,,3,2,{},
5800500,[DLC - Crucible Knight Devonia] Bullet,D,Ally and holy-seeker false positives,small-short-enemy-bullet,0,0,0,0,205800508;205800509,258000500,c5800:3021@1.933,3,2,{},
5800650,[DLC - Crucible Knight Devonia] Bullet,U,Unapproved screening result,small-short-enemy-bullet,0,0,0,1,205800650,258000650,c5800:3011@1.300;c5800:3011@1.467;c5800:3011@2.467;c5800:3011@2.700,3,2,{},
5800652,,U,Unapproved screening result,small-short-enemy-bullet,0,0,0,1,205800652,,,0,0,{},
5800653,[DLC - Crucible Knight Devonia] Bullet,A,Devonia transformed waves,airborne-avoidance;small-floor-probe;small-short-enemy-bullet,0,0,1,1,205800653,258000650;258000660,c5800:3011@1.300;c5800:3011@1.467;c5800:3011@2.467;c5800:3011@2.700;c5800:3011@3.633;c5800:3011@3.733,3,2,{},P1
5800660,[DLC - Crucible Knight Devonia] Bullet,U,Unapproved screening result,small-short-enemy-bullet,0,0,0,1,205800660,258000660,c5800:3011@3.633;c5800:3011@3.733,3,2,{},
5800662,,U,Unapproved screening result,small-short-enemy-bullet,0,0,0,1,205800662,,,0,0,{},
5800663,,D,Devonia unreferenced variant,airborne-avoidance;small-short-enemy-bullet,0,0,1,1,205800663,,,0,0,{},
5800670,[DLC - Crucible Knight Devonia] Bullet,U,Unapproved screening result,small-short-enemy-bullet,0,0,0,1,205800670,258000670,c5800:3011@5.600,3,2,{},
5800672,,U,Unapproved screening result,small-short-enemy-bullet,0,0,0,1,205800672,,,0,0,{},
5800673,[DLC - Crucible Knight Devonia] Bullet,A,Devonia transformed waves,airborne-avoidance;small-floor-probe;small-short-enemy-bullet,0,0,1,1,205800673,258000670,c5800:3011@5.600,3,2,{},P1
5800750,[DLC - Crucible Knight Devonia] Bullet,U,Unapproved screening result,small-short-enemy-bullet,0,0,0,1,205800750,258000750,c5800:3016@2.600;c5800:3016@2.667,3,2,{},
5800752,,U,Unapproved screening result,small-short-enemy-bullet,0,0,0,1,205800752,,,0,0,{},
5800753,[DLC - Crucible Knight Devonia] Bullet,A,Devonia transformed waves,airborne-avoidance;small-floor-probe;small-short-enemy-bullet,0,0,1,1,205800753,258000750,c5800:3016@2.600;c5800:3016@2.667,3,2,{},P1
5820260,[DLC - Great Red Bear] Bullet,U,Unapproved screening result,small-short-enemy-bullet,0,0,0,1,205820260;205820261,258200260,c5820:3007@1.400,6,3,{},
5820300,[DLC - Great Red Bear] Bullet,C,Great Red Bear claw wave,small-floor-probe;small-short-enemy-bullet,0,0,0,1,205820302;205820307;205820352;205820360,258200360;258200300;258200305;258200350,c5820:3011@1.300;c5820:3012@3.067;c5820:3025@2.667;c5820:3025@2.767,6,3,{},
5820301,[DLC - Great Red Bear] Bullet,U,Unapproved screening result,small-short-enemy-bullet,0,0,0,1,205820300;205820301;205820305;205820306;205820350;205820351,258200300;258200305;258200350,c5820:3011@1.300;c5820:3012@3.067;c5820:3025@2.667,6,3,{},
5820410,[DLC - Great Red Bear] Attack,C,Runebear local ground AoEs,airborne-avoidance,0,0,1,1,,258200410,c5820:3002@2.167;c5820:3036@1.367;c5820:3038@2.233,6,3,{},
5820411,[DLC - Great Red Bear] Attack,C,Runebear local ground AoEs,airborne-avoidance,0,0,1,1,,258200411,c5820:3021@1.500;c5820:3024@1.800;c5820:3024@2.667;c5820:3034@1.367;c5820:3034@2.200;c5820:3036@1.533,6,3,{},
5830200,[DLC - Messmer Soldier] Bullet,U,Unapproved screening result,small-short-enemy-bullet,0,0,0,1,205830200,258300200,c5830:1003008@1.767;c5830:1003010@0.933;c5830:2003010@0.933;c5830:3008@1.767;c5830:3010@1.233,58,85,{},
5830202,[DLC - Messmer Soldier] Bullet,A,Messmer Soldier foot wave,airborne-avoidance;small-floor-probe;small-short-enemy-bullet,0,0,1,1,205830202,258300202;258300201;258300200,c5830:1003008@1.767;c5830:1003010@0.933;c5830:2003010@0.933;c5830:3008@1.767;c5830:3010@1.233,58,85,{},P1
5830430,[DLC - Messmer Soldier] Bullet,U,Unapproved screening result,small-short-enemy-bullet,0,0,0,1,205830430,258300430,c5830:1003006@0.767;c5830:3006@0.767,58,85,{},
5830510,[DLC - Messmer Soldier] Bullet,U,Unapproved screening result,small-short-enemy-bullet,0,0,0,1,205830510;205830511;205830520;205830521,258300510;258300520,c5830:1003012@1.500;c5830:2003012@1.500;c5830:3012@1.500;c5830:3013@1.500,58,85,{},
5830530,[DLC - Messmer Soldier] Bullet,U,Unapproved screening result,small-short-enemy-bullet,0,0,0,1,205830530;205830531;205830532;205830533;205830534,258300530,c5830:1003012@1.500;c5830:2003012@1.500;c5830:3012@1.500,58,85,{},
5840121,[DLC - Black Knight] Bullet,U,Unapproved screening result,small-short-enemy-bullet,0,0,0,0,205840126,258400121,c5840:3003@1.533,36,28,{},
5840131,[DLC - Black Knight] Bullet,B,Black Knight great-hammer holy ground waves,small-short-enemy-bullet,0,0,0,1,205840133,258400131,c5840:3004@2.233,36,28,{},P3
5840161,[DLC - Black Knight] Bullet,U,Unapproved screening result,small-short-enemy-bullet,0,0,0,0,205840161,258400161,c5840:3008@1.167,36,28,{},
5840441,[DLC - Black Knight] Bullet,B,Black Knight great-hammer holy ground waves,small-short-enemy-bullet,0,0,0,1,205840443,258400441,c5840:3003022@2.333,36,28,{},P3
5840610,[DLC - Black Knight] Bullet,U,Unapproved screening result,small-short-enemy-bullet,0,0,0,1,205840610,258400610,,36,28,{},
5850120,[DLC - Giant Ram] Bullet,U,Unapproved screening result,small-short-enemy-bullet,0,0,0,1,205850121,258500120,,8,4,{},
5860103,[DLC - Ghostflame Dragon] Bullet,U,Unapproved screening result,small-short-enemy-bullet,0,0,0,1,205860821;205860822;205860823,258600821;258600822,c5860:20012@3.100;c5860:3037@3.100,5,4,{},
5860140,[DLC - Ghostflame Dragon] Attack,U,Unapproved screening result,airborne-avoidance,0,0,1,1,,258600140,,5,4,{},
5860151,[DLC - Ghostflame Dragon] Bullet,U,Unapproved screening result,airborne-avoidance;small-short-enemy-bullet,0,0,1,1,205860151,258600151,c5860:3005@3.167;c5860:3038@1.933;c5860:3039@1.267,5,4,{},
5860161,[DLC - Ghostflame Dragon] Bullet,U,Unapproved screening result,airborne-avoidance;small-short-enemy-bullet,0,0,1,1,205860161,258600161,c5860:3006@3.167;c5860:3038@2.633,5,4,{},
5860201,[DLC - Ghostflame Dragon] Bullet,C,Dragon foot bursts,airborne-avoidance,0,0,1,1,205860201,258600201,c5860:3010@1.333,5,4,{},
5860211,[DLC - Ghostflame Dragon] Bullet,C,Dragon foot bursts,airborne-avoidance,0,0,1,1,205860211,258600211,c5860:3011@1.300,5,4,{},
5860223,[DLC - Ghostflame Dragon] Bullet,U,Unapproved screening result,airborne-avoidance,0,0,1,1,205860223,258600223,c5860:3012@3.700,5,4,{},
5860224,[DLC - Ghostflame Dragon] Bullet,U,Unapproved screening result,airborne-avoidance,0,0,1,1,205860224,258600224,c5860:3012@3.767,5,4,{},
5860231,[DLC - Ghostflame Dragon] Bullet,U,Unapproved screening result,small-short-enemy-bullet,0,0,0,1,205860231,258600231;258600230,c5860:3016@3.600,5,4,{},
5860241,[DLC - Ghostflame Dragon] Bullet,U,Unapproved screening result,small-short-enemy-bullet,0,0,0,1,205860241,258600241;258600240,,5,4,{},
5860250,[DLC - Ghostflame Dragon] Attack,U,Unapproved screening result,airborne-avoidance,0,0,1,1,,258600250,c5860:3017@2.167,5,4,{},
5860271,[DLC - Ghostflame Dragon] Bullet,C,Dragon foot bursts,airborne-avoidance,0,0,1,1,205860271,258600271,c5860:3030@2.333,5,4,{},
5860281,[DLC - Ghostflame Dragon] Bullet,C,Dragon foot bursts,airborne-avoidance,0,0,1,1,205860281,258600281,c5860:3031@2.367,5,4,{},
5860291,[DLC - Ghostflame Dragon] Bullet,U,Unapproved screening result,small-short-enemy-bullet,0,0,0,1,205860291,258600291;258600290,c5860:3032@3.200,5,4,{},
5860301,[DLC - Ghostflame Dragon] Bullet,U,Unapproved screening result,small-short-enemy-bullet,0,0,0,1,205860301,258600301;258600300,c5860:3032@3.333,5,4,{},
5860311,[DLC - Ghostflame Dragon] Bullet,U,Unapproved screening result,airborne-avoidance,0,0,1,1,205860311,258600311,c5860:3033@2.267,5,4,{},
5860331,[DLC - Ghostflame Dragon] Bullet,U,Unapproved screening result,small-short-enemy-bullet,0,0,0,1,205860331,258600331;258600330,c5860:3035@3.667;c5860:3035@4.300;c5860:3035@4.700;c5860:3035@5.100;c5860:3035@5.467,5,4,{},
5860341,[DLC - Ghostflame Dragon] Bullet,U,Unapproved screening result,small-short-enemy-bullet,0,0,0,1,205860341,258600341;258600340,c5860:3035@3.733;c5860:3035@4.100;c5860:3035@4.500;c5860:3035@4.900;c5860:3035@5.300;c5860:3035@5.733,5,4,{},
5860802,[DLC - Ghostflame Dragon] Bullet,U,Unapproved screening result,small-short-enemy-bullet,0,0,0,1,205860802,258600801,c5860:3036@3.333,5,4,{},
5860911,[DLC - Ghostflame Dragon] Bullet,U,Unapproved screening result,airborne-avoidance,0,0,1,1,205860911,258600911,c5860:1701@4.500;c5860:1701@4.533;c5860:1701@5.167;c5860:1701@5.200;c5860:1701@5.300;c5860:1701@5.533;c5860:1701@5.933;c5860:1701@6.133;c5860:1701@6.367;c5860:1701@6.667;c5860:20005@4.500;c5860:20005@4.533;c5860:20005@5.167;c5860:20005@5.200;c5860:20005@5.300;c5860:20005@5.533;c5860:20005@5.933;c5860:20005@6.133;c5860:20005@6.367;c5860:20005@6.667,5,4,{},
5870131,,U,Unapproved screening result,airborne-avoidance,0,0,1,0,,,,0,0,{},
5870430,[DLC - Imp (Lion Head)] Bullet,U,Unapproved screening result,small-short-enemy-bullet,0,0,0,1,205870430;205870431;205870432;205870433;205870434,258700430,c5870:20016@1.700;c5870:2003020@1.367;c5870:3003020@1.367;c5870:3025@1.600,29,13,{},
5871430,[DLC - Imp (Dragon Head)] Bullet,U,Unapproved screening result,small-short-enemy-bullet,0,0,0,1,205871430;205871431;205871432;205871433;205871434,258710430,,4,1,{},
5871432,[DLC - Imp (Dragon Head)] Bullet,U,Unapproved screening result,small-short-enemy-bullet,0,0,0,1,205871437,258710430,,4,1,{},
5872430,[DLC - Imp (Dragon Head)] Bullet,U,Unapproved screening result,small-short-enemy-bullet,0,0,0,1,205872430;205872431;205872432;205872433;205872434,258720430,,7,1,{},
5872432,[DLC - Imp (Dragon Head)] Bullet,U,Unapproved screening result,small-short-enemy-bullet,0,0,0,1,205872437,258720430,,7,1,{},
5880140,[DLC - Catacombs Sorcerer] Bullet,U,Unapproved screening result,small-short-enemy-bullet,0,0,0,1,205880140;205880143;205880146;205880161;205880164;205880167;205880183;205880184;205880188,258800140;258800160;258800180,,14,4,{},
5900121,[DLC - Man-Fly] Bullet,U,Unapproved screening result,airborne-avoidance,0,0,1,1,205900122,259000120,c5900:3004@2.533,26,29,{},
5920171,[DLC - Magma Wyrm] Attack,C,Magma Wyrm ground crush,airborne-avoidance,0,0,1,1,,259200171,c5920:1003000@3.167,3,1,{},
5920331,[DLC - Magma Wyrm] Attack,C,Magma Wyrm ground crush,airborne-avoidance,0,0,1,1,,259200331,c5920:3010@2.933;c5920:3011@2.933,3,1,{},
5920900,[DLC - Magma Wyrm] Bullet,U,Unapproved screening result,small-short-enemy-bullet,0,0,0,1,205920510;205920511,259200510,c5920:1003009@2.600,3,1,{},
5931500,[DLC - Giant Beast Skeleton] Bullet,U,Unapproved screening result,small-short-enemy-bullet,0,0,0,0,205931500,259310500,,6,4,{},
5950150,[DLC - Leonine Misbegotten] Bullet,U,Unapproved screening result,small-short-enemy-bullet,0,0,0,1,205950150,259500150,c5950:3007@0.867,4,1,{},
5950180,[DLC - Leonine Misbegotten] Attack,B,Misbegotten foot stomp,airborne-avoidance,0,0,1,1,,259500180,c5950:3011@0.700,4,1,{},
5950201,[DLC - Leonine Misbegotten] Bullet,U,Unapproved screening result,small-short-enemy-bullet,0,0,0,1,205950201,259500201,c5950:3024@1.333,4,1,{},
5950251,[DLC - Leonine Misbegotten] Bullet,U,Unapproved screening result,small-short-enemy-bullet,0,0,0,1,205950252,259500250,c5950:3028@1.767,4,1,{},
5960280,[DLC - Ulcerated Tree Spirit] Bullet,U,Unapproved screening result,small-short-enemy-bullet,0,0,0,0,205960284,259600280,,6,4,{},
5960480,,U,Unapproved screening result,small-short-enemy-bullet,0,0,0,0,205960484,,,0,0,{},
5980500,[DLC - Omenkiller] Bullet,U,Unapproved screening result,small-short-enemy-bullet,0,0,0,0,205980500;205980501,259800500,,8,3,{},
6030900,[Bear] Bullet,U,Unapproved screening result,airborne-avoidance;small-short-enemy-bullet,0,0,1,1,6030900,260300900,,10,25,{},
6200100,Throwing Blade - Default Bullet,U,Unapproved screening result,small-short-enemy-bullet,0,0,0,1,200020100,262000100,,14,0,{},
6200110,Throwing Blade - Default Bullet,U,Unapproved screening result,small-short-enemy-bullet,0,0,0,1,200020110;206200110,262000110,,14,0,{},
6200200,Throwing Blade - Default Bullet,U,Unapproved screening result,small-short-enemy-bullet,0,0,0,1,200020200;206200200,262000200,,14,0,{},
6200210,Throwing Blade - Default Bullet,U,Unapproved screening result,small-short-enemy-bullet,0,0,0,1,200020210,,,0,0,{},
6200300,Throwing Blade - Default Bullet,U,Unapproved screening result,small-short-enemy-bullet,0,0,0,1,200020300;206200300,262000300,,14,0,{},
6200400,Throwing Blade - Default Bullet,U,Unapproved screening result,small-short-enemy-bullet,0,0,0,1,200020400;206200400,262000400,,14,0,{},
6200401,[DLC - Scarab] Bullet,U,Unapproved screening result,small-short-enemy-bullet,0,0,0,1,206200401,262000401;262000400,,14,0,{},
6200410,Throwing Blade - Default Bullet,U,Unapproved screening result,small-short-enemy-bullet,0,0,0,1,200020410;206200410,262000410,,14,0,{},
6200411,[DLC - Scarab] Bullet,U,Unapproved screening result,small-short-enemy-bullet,0,0,0,1,206200411,262000411;262000410,,14,0,{},
6200420,Throwing Blade - Default Bullet,U,Unapproved screening result,small-short-enemy-bullet,0,0,0,1,200020420;206200420,262000420,,14,0,{},
6200421,[DLC - Scarab] Bullet,U,Unapproved screening result,small-short-enemy-bullet,0,0,0,1,206200421,262000421;262000420,,14,0,{},
6201300,[DLC - Scarab] Bullet,U,Unapproved screening result,small-short-enemy-bullet,0,0,0,1,206201300,262010300,,22,10,{},
6201401,[DLC - Scarab] Bullet,U,Unapproved screening result,small-short-enemy-bullet,0,0,0,1,206201401,262010401;262010400,,22,10,{},
6201411,[DLC - Scarab] Bullet,U,Unapproved screening result,small-short-enemy-bullet,0,0,0,1,206201411,262010411;262010410,,22,10,{},
6201421,[DLC - Scarab] Bullet,U,Unapproved screening result,small-short-enemy-bullet,0,0,0,1,206201421,262010421;262010420,,22,10,{},
6202401,[DLC - Scarab] Bullet,U,Unapproved screening result,small-short-enemy-bullet,0,0,0,1,206202401,262020401;262020400,,10,0,{},
6202411,[DLC - Scarab] Bullet,U,Unapproved screening result,small-short-enemy-bullet,0,0,0,1,206202411,262020411;262020410,,10,0,{},
6202421,[DLC - Scarab] Bullet,U,Unapproved screening result,small-short-enemy-bullet,0,0,0,1,206202421,262020421;262020420,,10,0,{},
6210900,[DLC - Albinauric Archer] Bullet,U,Unapproved screening result,small-short-enemy-bullet,0,0,0,1,206210011;206210031;206210211;206210231;206210251;206210271;206210291;206210371;206210391;206210500;206210501;206210502;206210503;206210504;206210550;206210551;206210560;206210561,262100111;262100131;262100311;262100331;262100351;262100371;262100391;262100471;262100491;262100500;262100501;262100502;262100503,,3,1,{},
6220055,[DLC - Wolf] Bullet,U,Unapproved screening result,small-short-enemy-bullet,0,0,0,1,206220056,262200155,,2,1,{},
6230190,[DLC - Perfumer] Bullet,U,Unapproved screening result,small-short-enemy-bullet,0,0,0,1,206230110;206230170;206230171;206230172;206230190;206230191,262300110;262300170;262300171;262300172,,9,10,{},
6230290,[DLC - Perfumer] Bullet,U,Unapproved screening result,small-short-enemy-bullet,0,0,0,1,206230500;206230501;206230502;206230503;206230510;206230511;206230512;206230520;206230530;206230531;206230532;206230540;206230560;206230580;206230581;206230582;206230583;206230584;206230585;206230586;206230587;206230630;206230631;206230632;206230633;206230640;206230641;206230642;206230643;206230644;206230645;206230646;206230647;206230648;206230650;206230700;206230710;206230720;206230730;206230740,262300500;262300501;262300502;262300503;262300510;262300511;262300512;262300520;262300530;262300531;262300532;262300540;262300560;262300580;262300581;262300582;262300583;262300584;262300585;262300586;262300587;262300630;262300631;262300632;262300633;262300640;262300641;262300642;262300643;262300644;262300645;262300646;262300647;262300648;262300700;262300710;262300720;262300730;262300740,,9,10,{},
6230570,[DLC - Perfumer] Bullet,U,Unapproved screening result,airborne-avoidance,0,0,1,1,206230570,262300570,,9,10,{},
6230573,,U,Unapproved screening result,small-short-enemy-bullet,0,0,0,1,206230573,,,0,0,{},
6232200,[DLC - Glintstone Sorcerer] Bullet,U,Unapproved screening result,small-short-enemy-bullet,0,0,0,1,206232203;206232204;206232205;206232206;206232207,262320200,,2,2,{},
6232210,[DLC - Glintstone Sorcerer] Bullet,U,Unapproved screening result,small-short-enemy-bullet,0,0,0,1,206232213;206232214;206232215;206232216;206232217,262320210,,2,2,{},
6232401,[DLC - Glintstone Sorcerer] Bullet,U,Unapproved screening result,small-short-enemy-bullet,0,0,0,1,206232410;206232411;206232412,262320410;262320411;262320412,,2,2,{},
6232402,[DLC - Glintstone Sorcerer] Bullet,U,Unapproved screening result,small-short-enemy-bullet,0,0,0,1,206232402;206232404,262320402;262320404,,2,2,{},
6233200,[DLC - Page] Bullet,U,Unapproved screening result,small-short-enemy-bullet,0,0,0,1,206233200;206233202,262330200,,3,2,{},
6240020,[DLC - Dummy] Bullet,U,Unapproved screening result,small-short-enemy-bullet,0,0,0,1,206240012;206240013;206240014;206240015,262400010,,6,4,{},
6251141,[DLC - Tree Sentinel] Bullet,C,Tree Sentinel local impacts,airborne-avoidance;small-short-enemy-bullet,0,0,1,1,206251141,262510141,c6251:3004@1.333,4,2,{},
6251161,[DLC - Tree Sentinel] Bullet,B,Tree Sentinel halberd impact bursts,airborne-avoidance;small-short-enemy-bullet,0,0,1,1,206251161,262510161,c6251:3006@1.233,4,2,{},
6251241,[DLC - Tree Sentinel] Bullet,C,Tree Sentinel local impacts,airborne-avoidance,0,0,1,1,206251241,262510241,c6251:3014@2.333,4,2,{},
6251271,[DLC - Tree Sentinel] Bullet,C,Tree Sentinel local impacts,airborne-avoidance,0,0,1,1,206251271,262510271,c6251:3017@1.600,4,2,{},
6251281,[DLC - Tree Sentinel] Bullet,B,Tree Sentinel halberd impact bursts,airborne-avoidance;small-short-enemy-bullet,0,0,1,1,206251281,262510281,c6251:3018@1.833,4,2,{},
6251451,[DLC - Tree Sentinel] Bullet,B,Tree Sentinel halberd impact bursts,airborne-avoidance;small-short-enemy-bullet,0,0,1,1,206251451,262510451,c6251:3037@1.900,4,2,{},
6251910,[DLC - Tree Sentinel] Bullet,U,Unapproved screening result,small-short-enemy-bullet,0,0,0,1,206251910,262510910,c6251:1008200@0.167;c6251:1100@0.200;c6251:1101@0.000;c6251:3023@0.000;c6251:3023@0.600;c6251:3023@1.200;c6251:3023@1.800;c6251:3023@2.400;c6251:30@0.000;c6251:30@0.667;c6251:30@1.333;c6251:30@2.000;c6251:30@2.667;c6251:5020@0.000;c6251:5020@0.667;c6251:5021@0.000;c6251:5021@0.667;c6251:5022@0.000;c6251:5022@0.667;c6251:5023@0.000;c6251:5023@0.667;c6251:8200@0.000;c6251:8200@0.667;c6251:8200@1.333;c6251:8200@2.000;c6251:8200@2.667;c6251:8220@0.000;c6251:8220@0.667;c6251:8220@1.333;c6251:8220@2.000;c6251:8220@2.667,4,2,{},
6251911,[DLC - Tree Sentinel] Bullet,U,Unapproved screening result,small-short-enemy-bullet,0,0,0,1,206251911,262510911;262510910;262510915,c6251:1008200@0.167;c6251:1100@0.200;c6251:1100@0.533;c6251:1101@0.000;c6251:1101@0.333;c6251:3023@0.000;c6251:3023@0.300;c6251:3023@0.600;c6251:3023@0.900;c6251:3023@1.200;c6251:3023@1.500;c6251:3023@1.800;c6251:3023@2.100;c6251:3023@2.400;c6251:3023@2.700;c6251:30@0.000;c6251:30@0.333;c6251:30@0.667;c6251:30@1.000;c6251:30@1.333;c6251:30@1.667;c6251:30@2.000;c6251:30@2.333;c6251:30@2.667;c6251:30@3.000;c6251:5020@0.000;c6251:5020@0.333;c6251:5020@0.667;c6251:5021@0.000;c6251:5021@0.333;c6251:5021@0.667;c6251:5022@0.000;c6251:5022@0.333;c6251:5022@0.667;c6251:5022@1.000;c6251:5023@0.000;c6251:5023@0.333;c6251:5023@0.667;c6251:5023@1.000;c6251:8200@0.000;c6251:8200@0.333;c6251:8200@0.667;c6251:8200@1.000;c6251:8200@1.333;c6251:8200@1.667;c6251:8200@2.000;c6251:8200@2.333;c6251:8200@2.667;c6251:8200@3.000;c6251:8220@0.000;c6251:8220@0.333;c6251:8220@0.667;c6251:8220@1.000;c6251:8220@1.333;c6251:8220@1.667;c6251:8220@2.000;c6251:8220@2.333;c6251:8220@2.667;c6251:8220@3.000,4,2,{},
6251913,[DLC - Tree Sentinel] Bullet,U,Unapproved screening result,small-short-enemy-bullet,0,0,0,1,206251913,262510913;262510912;262510911;262510910;262510915,c6251:1008200@0.167;c6251:1100@0.200;c6251:1100@0.533;c6251:1101@0.000;c6251:1101@0.333;c6251:3023@0.000;c6251:3023@0.300;c6251:3023@0.600;c6251:3023@0.900;c6251:3023@1.200;c6251:3023@1.500;c6251:3023@1.800;c6251:3023@2.100;c6251:3023@2.400;c6251:3023@2.700;c6251:30@0.000;c6251:30@0.333;c6251:30@0.667;c6251:30@1.000;c6251:30@1.333;c6251:30@1.667;c6251:30@2.000;c6251:30@2.333;c6251:30@2.667;c6251:30@3.000;c6251:5020@0.000;c6251:5020@0.333;c6251:5020@0.667;c6251:5021@0.000;c6251:5021@0.333;c6251:5021@0.667;c6251:5022@0.000;c6251:5022@0.333;c6251:5022@0.667;c6251:5022@1.000;c6251:5023@0.000;c6251:5023@0.333;c6251:5023@0.667;c6251:5023@1.000;c6251:8200@0.000;c6251:8200@0.333;c6251:8200@0.667;c6251:8200@1.000;c6251:8200@1.333;c6251:8200@1.667;c6251:8200@2.000;c6251:8200@2.333;c6251:8200@2.667;c6251:8200@3.000;c6251:8220@0.000;c6251:8220@0.333;c6251:8220@0.667;c6251:8220@1.000;c6251:8220@1.333;c6251:8220@1.667;c6251:8220@2.000;c6251:8220@2.333;c6251:8220@2.667;c6251:8220@3.000,4,2,{},
6251915,[DLC - Tree Sentinel] Bullet,U,Unapproved screening result,small-short-enemy-bullet,0,0,0,1,206251915,262510915,c6251:1100@0.533;c6251:1101@0.333;c6251:3023@0.300;c6251:3023@0.900;c6251:3023@1.500;c6251:3023@2.100;c6251:3023@2.700;c6251:30@0.333;c6251:30@1.000;c6251:30@1.667;c6251:30@2.333;c6251:30@3.000;c6251:5020@0.333;c6251:5021@0.333;c6251:5022@0.333;c6251:5022@1.000;c6251:5023@0.333;c6251:5023@1.000;c6251:8200@0.333;c6251:8200@1.000;c6251:8200@1.667;c6251:8200@2.333;c6251:8200@3.000;c6251:8220@0.333;c6251:8220@1.000;c6251:8220@1.667;c6251:8220@2.333;c6251:8220@3.000,4,2,{},
6260141,[DLC - Death Rite Bird] Bullet,U,Unapproved screening result,small-short-enemy-bullet,0,0,0,1,206260141,262600141,,3,1,{},
6260171,[DLC - Death Rite Bird] Bullet,U,Unapproved screening result,small-short-enemy-bullet,0,0,0,1,206260171,262600171,,3,1,{},
6260200,[DLC - Death Rite Bird] Bullet,U,Unapproved screening result,small-short-enemy-bullet,0,0,0,1,206260200;206260500,262600200;262600500,c6260:3017@1.367;c6260:3017@1.867,3,1,{},
6260210,[DLC - Death Rite Bird] Bullet,U,Unapproved screening result,small-short-enemy-bullet,0,0,0,1,206260210;206260510,262600210;262600510,c6260:3018@0.967;c6260:3038@1.033;c6260:3038@1.433,3,1,{},
6260300,[DLC - Death Rite Bird] Bullet,U,Unapproved screening result,small-short-enemy-bullet,0,0,0,1,206260300,262600300,c6260:3026@1.333;c6260:3034@0.767;c6260:3035@0.800,3,1,{},
6260411,[DLC - Death Rite Bird] Bullet,U,Unapproved screening result,small-short-enemy-bullet,0,0,0,1,206260411;206260412,262600411,,3,1,{},
6260431,[DLC - Death Rite Bird] Bullet,U,Unapproved screening result,small-short-enemy-bullet,0,0,0,1,206260431,262600431,,3,1,{},
6260433,[DLC - Death Rite Bird] Bullet,U,Unapproved screening result,small-short-enemy-bullet,0,0,0,1,206260433,262600433,,3,1,{},
6260441,[DLC - Death Rite Bird] Bullet,U,Unapproved screening result,small-short-enemy-bullet,0,0,0,1,206260441,262600441,,3,1,{},
6260471,[DLC - Death Rite Bird] Bullet,U,Unapproved screening result,small-short-enemy-bullet,0,0,0,1,206260471;206260472,262600471,,3,1,{},
6260500,,U,Unapproved screening result,airborne-avoidance,0,0,1,1,,,,0,0,{},
6260521,[DLC - Death Rite Bird] Bullet,U,Unapproved screening result,small-short-enemy-bullet,0,0,0,1,206260521,262600521,c6260:3019@2.400,3,1,{},
6260551,[DLC - Death Rite Bird] Bullet,U,Unapproved screening result,small-short-enemy-bullet,0,0,0,1,206260551,262600551,c6260:3023@1.167,3,1,{},
6260561,[DLC - Death Rite Bird] Bullet,U,Unapproved screening result,small-short-enemy-bullet,0,0,0,1,206260561,262600561,c6260:3024@1.900,3,1,{},
6260630,[DLC - Death Rite Bird] Bullet,U,Unapproved screening result,small-short-enemy-bullet,0,0,0,1,206260632;206260633;206260813;206260814;206260823;206260824,262600800;262600630;262600810;262600820,c6260:3031@3.900,3,1,{},
6260650,[DLC - Death Rite Bird] Bullet,U,Unapproved screening result,small-short-enemy-bullet,0,0,0,1,206260650;206260651;206260652,262600650,c6260:3033@1.933;c6260:3033@1.967;c6260:3033@2.100;c6260:3033@2.133;c6260:3033@2.200;c6260:3033@2.267;c6260:3033@2.367;c6260:3033@2.433;c6260:3033@2.467;c6260:3033@2.600;c6260:3033@2.633;c6260:3033@2.667,3,1,{},
6260660,[DLC - Death Rite Bird] Bullet,U,Unapproved screening result,small-short-enemy-bullet,0,0,0,1,206260660,262600660,c6260:3026@1.333;c6260:3033@1.933;c6260:3034@0.767;c6260:3035@0.800,3,1,{},
6260740,[DLC - Death Rite Bird] Bullet,D,Death Rite Bird shared ghostflame,small-floor-probe;small-short-enemy-bullet,0,0,0,1,206260544;206260923;206260943,262600543;262600542;262600920;262600940,c6260:3011@0.633;c6260:3024@1.833;c6260:3039@2.467,3,1,{},
6260911,[DLC - Death Rite Bird] Bullet,U,Unapproved screening result,small-short-enemy-bullet,0,0,0,1,206260911,262600911;262600910,c6260:3004@1.267;c6260:3014@0.967,3,1,{},
6270140,[DLC - Royal Revenant] Bullet,U,Unapproved screening result,small-short-enemy-bullet,0,0,0,0,206270140;206270141,262700140,,9,1,{},
6270230,[DLC - Royal Revenant] Bullet,U,Unapproved screening result,small-short-enemy-bullet,0,0,0,0,206270230;206270231,262700230,,9,1,{},
6291141,[DLC - Scaly Misbegotten] Attack,U,Unapproved screening result,airborne-avoidance,0,0,1,1,206291141,262910141,,6,2,{},
6300312,Hand-to-Hand - Default Bullet,U,Unapproved screening result,small-short-enemy-bullet,0,0,0,0,200030312,263000312,,8,2,{},
6300805,[DLC - Snail] Bullet,U,Unapproved screening result,small-short-enemy-bullet,0,0,0,1,206300801;206300802;206300812;206300813;206300823;206300824;206300834;206300835;206300845;206300846;206300856;206300857;206300867;206300868;206300890;206300891;206300892;206300893;206300894;206300895;206300896,263000890;263000800;263000810;263000820;263000830;263000840;263000850;263000860,,8,2,{},
6310135,[DLC - Fallingstar Beast] Bullet,U,Unapproved screening result,small-short-enemy-bullet,0,0,0,0,206310135;206310136,263100135,c6310:3003@0.500;c6310:4100@4.800,3,1,{},
6310165,[DLC - Fallingstar Beast] Bullet,U,Unapproved screening result,small-short-enemy-bullet,0,0,0,0,206310165;206310166,263100165,c6310:3006@2.400,3,1,{},
6310185,[DLC - Fallingstar Beast] Bullet,C,Fallingstar foot AoE,airborne-avoidance;small-short-enemy-bullet,0,0,1,0,206310185,263100185,c6310:3008@1.467,3,1,{},
6310195,[DLC - Fallingstar Beast] Bullet,U,Unapproved screening result,small-short-enemy-bullet,0,0,0,0,206310195;206310196,263100195,c6310:3009@2.233,3,1,{},
6310205,[DLC - Fallingstar Beast] Bullet,U,Unapproved screening result,small-short-enemy-bullet,0,0,0,0,206310205;206310206,263100205,c6310:3010@2.067,3,1,{},
6310355,[DLC - Fallingstar Beast] Bullet,U,Unapproved screening result,small-short-enemy-bullet,0,0,0,0,206310355;206310356,263100355,c6310:3025@1.267,3,1,{},
6320600,[DLC - Wandering Noble] Bullet,U,Unapproved screening result,small-short-enemy-bullet,0,1,0,1,206320600,263200600,,14,8,{},
6320700,[DLC - Wandering Noble] Bullet,U,Unapproved screening result,small-short-enemy-bullet,0,0,0,1,206320700,263200700,,14,8,{},
7100192,[Ancient Hero] Bullet - Floor Ice Linger,U,Unapproved screening result,airborne-avoidance,1,0,1,1,7100192,271000192;271000191;271000190,c7100:3009@1.833,8,5,{},
7100193,[Ancient Hero] Bullet - Floor Ice Explode,U,Unapproved screening result,airborne-avoidance,0,0,1,1,7100193,271000193;271000192;271000191;271000190,c7100:3009@1.833,8,5,{},
82100000,,U,Unapproved screening result,small-floor-probe,0,0,0,0,82100002;82100003,802100000,c0000:30000@0.333;c0000:30000@0.400;c0000:30000@0.433;c0000:30000@0.467;c0000:30000@0.500;c0000:30000@0.533;c0000:30000@0.567;c0000:30000@0.600;c0000:30000@0.633;c0000:30000@0.667;c0000:30000@0.733;c0000:30000@0.767;c0000:30000@0.867;c0000:41150@0.600,88,572,{},
82101000,,U,Unapproved screening result,small-floor-probe,0,0,0,0,82101002;82101003,802101000,c0000:30000@0.333;c0000:30000@0.400;c0000:30000@0.433;c0000:30000@0.467;c0000:30000@0.500;c0000:30000@0.533;c0000:30000@0.567;c0000:30000@0.600;c0000:30000@0.633;c0000:30000@0.667;c0000:30000@0.733;c0000:30000@0.767;c0000:30000@0.867;c0000:41150@0.600,88,572,{},
82101010,,U,Unapproved screening result,small-floor-probe,0,0,0,0,82101012;82101013,802101010,c0000:30000@0.333;c0000:30000@0.400;c0000:30000@0.433;c0000:30000@0.467;c0000:30000@0.500;c0000:30000@0.533;c0000:30000@0.567;c0000:30000@0.600;c0000:30000@0.633;c0000:30000@0.667;c0000:30000@0.733;c0000:30000@0.767;c0000:30000@0.867;c0000:41150@0.600,88,572,{},
82101020,,U,Unapproved screening result,small-floor-probe,0,0,0,0,82101022;82101023,802101020,c0000:30000@0.333;c0000:30000@0.400;c0000:30000@0.433;c0000:30000@0.467;c0000:30000@0.500;c0000:30000@0.533;c0000:30000@0.567;c0000:30000@0.600;c0000:30000@0.633;c0000:30000@0.667;c0000:30000@0.733;c0000:30000@0.767;c0000:30000@0.867;c0000:41150@0.600,88,572,{},
82101030,,U,Unapproved screening result,small-floor-probe,0,0,0,0,82101032;82101033,802101030,c0000:30000@0.333;c0000:30000@0.400;c0000:30000@0.433;c0000:30000@0.467;c0000:30000@0.500;c0000:30000@0.533;c0000:30000@0.567;c0000:30000@0.600;c0000:30000@0.633;c0000:30000@0.667;c0000:30000@0.733;c0000:30000@0.767;c0000:30000@0.867;c0000:41150@0.600,88,572,{},
82101040,,U,Unapproved screening result,small-floor-probe,0,0,0,0,82101042;82101043,802101040,c0000:30000@0.333;c0000:30000@0.400;c0000:30000@0.433;c0000:30000@0.467;c0000:30000@0.500;c0000:30000@0.533;c0000:30000@0.567;c0000:30000@0.600;c0000:30000@0.633;c0000:30000@0.667;c0000:30000@0.733;c0000:30000@0.767;c0000:30000@0.867;c0000:41150@0.600,88,572,{},
82101050,,U,Unapproved screening result,small-floor-probe,0,0,0,0,82101052;82101053,802101050,c0000:30000@0.333;c0000:30000@0.400;c0000:30000@0.433;c0000:30000@0.467;c0000:30000@0.500;c0000:30000@0.533;c0000:30000@0.567;c0000:30000@0.600;c0000:30000@0.633;c0000:30000@0.667;c0000:30000@0.733;c0000:30000@0.767;c0000:30000@0.867;c0000:41150@0.600,88,572,{},
82101060,,U,Unapproved screening result,small-floor-probe,0,0,0,0,82101062;82101063,802101060,c0000:30000@0.333;c0000:30000@0.400;c0000:30000@0.433;c0000:30000@0.467;c0000:30000@0.500;c0000:30000@0.533;c0000:30000@0.567;c0000:30000@0.600;c0000:30000@0.633;c0000:30000@0.667;c0000:30000@0.733;c0000:30000@0.767;c0000:30000@0.867;c0000:41150@0.600,88,572,{},
82101070,,U,Unapproved screening result,small-floor-probe,0,0,0,0,82101072;82101073,802101070,c0000:30000@0.333;c0000:30000@0.400;c0000:30000@0.433;c0000:30000@0.467;c0000:30000@0.500;c0000:30000@0.533;c0000:30000@0.567;c0000:30000@0.600;c0000:30000@0.633;c0000:30000@0.667;c0000:30000@0.733;c0000:30000@0.767;c0000:30000@0.867;c0000:41150@0.600,88,572,{},
82101200,,U,Unapproved screening result,small-floor-probe,0,0,0,0,82101202;82101203,802101200,c0000:30000@0.333;c0000:30000@0.400;c0000:30000@0.433;c0000:30000@0.467;c0000:30000@0.500;c0000:30000@0.533;c0000:30000@0.567;c0000:30000@0.600;c0000:30000@0.633;c0000:30000@0.667;c0000:30000@0.733;c0000:30000@0.767;c0000:30000@0.867;c0000:41150@0.600,88,572,{},
82101210,,U,Unapproved screening result,small-floor-probe,0,0,0,0,82101212;82101213,802101210,c0000:30000@0.333;c0000:30000@0.400;c0000:30000@0.433;c0000:30000@0.467;c0000:30000@0.500;c0000:30000@0.533;c0000:30000@0.567;c0000:30000@0.600;c0000:30000@0.633;c0000:30000@0.667;c0000:30000@0.733;c0000:30000@0.767;c0000:30000@0.867;c0000:41150@0.600,88,572,{},
82101220,,U,Unapproved screening result,small-floor-probe,0,0,0,0,82101222;82101223,802101220,c0000:30000@0.333;c0000:30000@0.400;c0000:30000@0.433;c0000:30000@0.467;c0000:30000@0.500;c0000:30000@0.533;c0000:30000@0.567;c0000:30000@0.600;c0000:30000@0.633;c0000:30000@0.667;c0000:30000@0.733;c0000:30000@0.767;c0000:30000@0.867;c0000:41150@0.600,88,572,{},
82101230,,U,Unapproved screening result,small-floor-probe,0,0,0,0,82101232;82101233,802101230,c0000:30000@0.333;c0000:30000@0.400;c0000:30000@0.433;c0000:30000@0.467;c0000:30000@0.500;c0000:30000@0.533;c0000:30000@0.567;c0000:30000@0.600;c0000:30000@0.633;c0000:30000@0.667;c0000:30000@0.733;c0000:30000@0.767;c0000:30000@0.867;c0000:41150@0.600,88,572,{},
82101240,,U,Unapproved screening result,small-floor-probe,0,0,0,0,82101242;82101243,802101240,c0000:30000@0.333;c0000:30000@0.400;c0000:30000@0.433;c0000:30000@0.467;c0000:30000@0.500;c0000:30000@0.533;c0000:30000@0.567;c0000:30000@0.600;c0000:30000@0.633;c0000:30000@0.667;c0000:30000@0.733;c0000:30000@0.767;c0000:30000@0.867;c0000:41150@0.600,88,572,{},
82101250,,U,Unapproved screening result,small-floor-probe,0,0,0,0,82101252;82101253,802101250,c0000:30000@0.333;c0000:30000@0.400;c0000:30000@0.433;c0000:30000@0.467;c0000:30000@0.500;c0000:30000@0.533;c0000:30000@0.567;c0000:30000@0.600;c0000:30000@0.633;c0000:30000@0.667;c0000:30000@0.733;c0000:30000@0.767;c0000:30000@0.867;c0000:41150@0.600,88,572,{},
82101260,,U,Unapproved screening result,small-floor-probe,0,0,0,0,82101262;82101263,802101260,c0000:30000@0.333;c0000:30000@0.400;c0000:30000@0.433;c0000:30000@0.467;c0000:30000@0.500;c0000:30000@0.533;c0000:30000@0.567;c0000:30000@0.600;c0000:30000@0.633;c0000:30000@0.667;c0000:30000@0.733;c0000:30000@0.767;c0000:30000@0.867;c0000:41150@0.600,88,572,{},
82101270,,U,Unapproved screening result,small-floor-probe,0,0,0,0,82101272;82101273,802101270,c0000:30000@0.333;c0000:30000@0.400;c0000:30000@0.433;c0000:30000@0.467;c0000:30000@0.500;c0000:30000@0.533;c0000:30000@0.567;c0000:30000@0.600;c0000:30000@0.633;c0000:30000@0.667;c0000:30000@0.733;c0000:30000@0.767;c0000:30000@0.867;c0000:41150@0.600,88,572,{},
82102000,,U,Unapproved screening result,small-floor-probe,0,0,0,0,82102002;82102003,802102000,c0000:30000@0.333;c0000:30000@0.400;c0000:30000@0.433;c0000:30000@0.467;c0000:30000@0.500;c0000:30000@0.533;c0000:30000@0.567;c0000:30000@0.600;c0000:30000@0.633;c0000:30000@0.667;c0000:30000@0.733;c0000:30000@0.767;c0000:30000@0.867;c0000:41150@0.600,88,572,{},
82102010,,U,Unapproved screening result,small-floor-probe,0,0,0,0,82102012;82102013,802102010,c0000:30000@0.333;c0000:30000@0.400;c0000:30000@0.433;c0000:30000@0.467;c0000:30000@0.500;c0000:30000@0.533;c0000:30000@0.567;c0000:30000@0.600;c0000:30000@0.633;c0000:30000@0.667;c0000:30000@0.733;c0000:30000@0.767;c0000:30000@0.867;c0000:41150@0.600,88,572,{},
82102020,,U,Unapproved screening result,small-floor-probe,0,0,0,0,82102022;82102023,802102020,c0000:30000@0.333;c0000:30000@0.400;c0000:30000@0.433;c0000:30000@0.467;c0000:30000@0.500;c0000:30000@0.533;c0000:30000@0.567;c0000:30000@0.600;c0000:30000@0.633;c0000:30000@0.667;c0000:30000@0.733;c0000:30000@0.767;c0000:30000@0.867;c0000:41150@0.600,88,572,{},
82102030,,U,Unapproved screening result,small-floor-probe,0,0,0,0,82102032;82102033,802102030,c0000:30000@0.333;c0000:30000@0.400;c0000:30000@0.433;c0000:30000@0.467;c0000:30000@0.500;c0000:30000@0.533;c0000:30000@0.567;c0000:30000@0.600;c0000:30000@0.633;c0000:30000@0.667;c0000:30000@0.733;c0000:30000@0.767;c0000:30000@0.867;c0000:41150@0.600,88,572,{},
82102040,,U,Unapproved screening result,small-floor-probe,0,0,0,0,82102042;82102043,802102040,c0000:30000@0.333;c0000:30000@0.400;c0000:30000@0.433;c0000:30000@0.467;c0000:30000@0.500;c0000:30000@0.533;c0000:30000@0.567;c0000:30000@0.600;c0000:30000@0.633;c0000:30000@0.667;c0000:30000@0.733;c0000:30000@0.767;c0000:30000@0.867;c0000:41150@0.600,88,572,{},
82102050,,U,Unapproved screening result,small-floor-probe,0,0,0,0,82102052;82102053,802102050,c0000:30000@0.333;c0000:30000@0.400;c0000:30000@0.433;c0000:30000@0.467;c0000:30000@0.500;c0000:30000@0.533;c0000:30000@0.567;c0000:30000@0.600;c0000:30000@0.633;c0000:30000@0.667;c0000:30000@0.733;c0000:30000@0.767;c0000:30000@0.867;c0000:41150@0.600,88,572,{},
82102060,,U,Unapproved screening result,small-floor-probe,0,0,0,0,82102062;82102063,802102060,c0000:30000@0.333;c0000:30000@0.400;c0000:30000@0.433;c0000:30000@0.467;c0000:30000@0.500;c0000:30000@0.533;c0000:30000@0.567;c0000:30000@0.600;c0000:30000@0.633;c0000:30000@0.667;c0000:30000@0.733;c0000:30000@0.767;c0000:30000@0.867;c0000:41150@0.600,88,572,{},
82102070,,U,Unapproved screening result,small-floor-probe,0,0,0,0,82102072;82102073,802102070,c0000:30000@0.333;c0000:30000@0.400;c0000:30000@0.433;c0000:30000@0.467;c0000:30000@0.500;c0000:30000@0.533;c0000:30000@0.567;c0000:30000@0.600;c0000:30000@0.633;c0000:30000@0.667;c0000:30000@0.733;c0000:30000@0.767;c0000:30000@0.867;c0000:41150@0.600,88,572,{},
82103000,,U,Unapproved screening result,small-floor-probe,0,0,0,0,82103002;82103003,802103000,c0000:30000@0.333;c0000:30000@0.400;c0000:30000@0.433;c0000:30000@0.467;c0000:30000@0.500;c0000:30000@0.533;c0000:30000@0.567;c0000:30000@0.600;c0000:30000@0.633;c0000:30000@0.667;c0000:30000@0.733;c0000:30000@0.767;c0000:30000@0.867;c0000:41150@0.600,88,572,{},
82103010,,U,Unapproved screening result,small-floor-probe,0,0,0,0,82103012;82103013,802103010,c0000:30000@0.333;c0000:30000@0.400;c0000:30000@0.433;c0000:30000@0.467;c0000:30000@0.500;c0000:30000@0.533;c0000:30000@0.567;c0000:30000@0.600;c0000:30000@0.633;c0000:30000@0.667;c0000:30000@0.733;c0000:30000@0.767;c0000:30000@0.867;c0000:41150@0.600,88,572,{},
82103020,,U,Unapproved screening result,small-floor-probe,0,0,0,0,82103022;82103023,802103020,c0000:30000@0.333;c0000:30000@0.400;c0000:30000@0.433;c0000:30000@0.467;c0000:30000@0.500;c0000:30000@0.533;c0000:30000@0.567;c0000:30000@0.600;c0000:30000@0.633;c0000:30000@0.667;c0000:30000@0.733;c0000:30000@0.767;c0000:30000@0.867;c0000:41150@0.600,88,572,{},
82103030,,U,Unapproved screening result,small-floor-probe,0,0,0,0,82103032;82103033,802103030,c0000:30000@0.333;c0000:30000@0.400;c0000:30000@0.433;c0000:30000@0.467;c0000:30000@0.500;c0000:30000@0.533;c0000:30000@0.567;c0000:30000@0.600;c0000:30000@0.633;c0000:30000@0.667;c0000:30000@0.733;c0000:30000@0.767;c0000:30000@0.867;c0000:41150@0.600,88,572,{},
82103040,,U,Unapproved screening result,small-floor-probe,0,0,0,0,82103042;82103043,802103040,c0000:30000@0.333;c0000:30000@0.400;c0000:30000@0.433;c0000:30000@0.467;c0000:30000@0.500;c0000:30000@0.533;c0000:30000@0.567;c0000:30000@0.600;c0000:30000@0.633;c0000:30000@0.667;c0000:30000@0.733;c0000:30000@0.767;c0000:30000@0.867;c0000:41150@0.600,88,572,{},
82103050,,U,Unapproved screening result,small-floor-probe,0,0,0,0,82103052;82103053,802103050,c0000:30000@0.333;c0000:30000@0.400;c0000:30000@0.433;c0000:30000@0.467;c0000:30000@0.500;c0000:30000@0.533;c0000:30000@0.567;c0000:30000@0.600;c0000:30000@0.633;c0000:30000@0.667;c0000:30000@0.733;c0000:30000@0.767;c0000:30000@0.867;c0000:41150@0.600,88,572,{},
82103060,,U,Unapproved screening result,small-floor-probe,0,0,0,0,82103062;82103063,802103060,c0000:30000@0.333;c0000:30000@0.400;c0000:30000@0.433;c0000:30000@0.467;c0000:30000@0.500;c0000:30000@0.533;c0000:30000@0.567;c0000:30000@0.600;c0000:30000@0.633;c0000:30000@0.667;c0000:30000@0.733;c0000:30000@0.767;c0000:30000@0.867;c0000:41150@0.600,88,572,{},
82103070,,U,Unapproved screening result,small-floor-probe,0,0,0,0,82103072;82103073,802103070,c0000:30000@0.333;c0000:30000@0.400;c0000:30000@0.433;c0000:30000@0.467;c0000:30000@0.500;c0000:30000@0.533;c0000:30000@0.567;c0000:30000@0.600;c0000:30000@0.633;c0000:30000@0.667;c0000:30000@0.733;c0000:30000@0.767;c0000:30000@0.867;c0000:41150@0.600,88,572,{},
82104200,,U,Unapproved screening result,small-floor-probe,0,0,0,0,82104202;82104203,802104200,c0000:30000@0.333;c0000:30000@0.400;c0000:30000@0.433;c0000:30000@0.467;c0000:30000@0.500;c0000:30000@0.533;c0000:30000@0.567;c0000:30000@0.600;c0000:30000@0.633;c0000:30000@0.667;c0000:30000@0.733;c0000:30000@0.767;c0000:30000@0.867;c0000:41150@0.600,88,572,{},
82104210,,U,Unapproved screening result,small-floor-probe,0,0,0,0,82104212;82104213,802104210,c0000:30000@0.333;c0000:30000@0.400;c0000:30000@0.433;c0000:30000@0.467;c0000:30000@0.500;c0000:30000@0.533;c0000:30000@0.567;c0000:30000@0.600;c0000:30000@0.633;c0000:30000@0.667;c0000:30000@0.733;c0000:30000@0.767;c0000:30000@0.867;c0000:41150@0.600,88,572,{},
82104220,,U,Unapproved screening result,small-floor-probe,0,0,0,0,82104222;82104223,802104220,c0000:30000@0.333;c0000:30000@0.400;c0000:30000@0.433;c0000:30000@0.467;c0000:30000@0.500;c0000:30000@0.533;c0000:30000@0.567;c0000:30000@0.600;c0000:30000@0.633;c0000:30000@0.667;c0000:30000@0.733;c0000:30000@0.767;c0000:30000@0.867;c0000:41150@0.600,88,572,{},
82104230,,U,Unapproved screening result,small-floor-probe,0,0,0,0,82104232;82104233,802104230,c0000:30000@0.333;c0000:30000@0.400;c0000:30000@0.433;c0000:30000@0.467;c0000:30000@0.500;c0000:30000@0.533;c0000:30000@0.567;c0000:30000@0.600;c0000:30000@0.633;c0000:30000@0.667;c0000:30000@0.733;c0000:30000@0.767;c0000:30000@0.867;c0000:41150@0.600,88,572,{},
82104240,,U,Unapproved screening result,small-floor-probe,0,0,0,0,82104242;82104243,802104240,c0000:30000@0.333;c0000:30000@0.400;c0000:30000@0.433;c0000:30000@0.467;c0000:30000@0.500;c0000:30000@0.533;c0000:30000@0.567;c0000:30000@0.600;c0000:30000@0.633;c0000:30000@0.667;c0000:30000@0.733;c0000:30000@0.767;c0000:30000@0.867;c0000:41150@0.600,88,572,{},
82104250,,U,Unapproved screening result,small-floor-probe,0,0,0,0,82104252;82104253,802104250,c0000:30000@0.333;c0000:30000@0.400;c0000:30000@0.433;c0000:30000@0.467;c0000:30000@0.500;c0000:30000@0.533;c0000:30000@0.567;c0000:30000@0.600;c0000:30000@0.633;c0000:30000@0.667;c0000:30000@0.733;c0000:30000@0.767;c0000:30000@0.867;c0000:41150@0.600,88,572,{},
82104260,,U,Unapproved screening result,small-floor-probe,0,0,0,0,82104262;82104263,802104260,c0000:30000@0.333;c0000:30000@0.400;c0000:30000@0.433;c0000:30000@0.467;c0000:30000@0.500;c0000:30000@0.533;c0000:30000@0.567;c0000:30000@0.600;c0000:30000@0.633;c0000:30000@0.667;c0000:30000@0.733;c0000:30000@0.767;c0000:30000@0.867;c0000:41150@0.600,88,572,{},
82104270,,U,Unapproved screening result,small-floor-probe,0,0,0,0,82104272;82104273,802104270,c0000:30000@0.333;c0000:30000@0.400;c0000:30000@0.433;c0000:30000@0.467;c0000:30000@0.500;c0000:30000@0.533;c0000:30000@0.567;c0000:30000@0.600;c0000:30000@0.633;c0000:30000@0.667;c0000:30000@0.733;c0000:30000@0.767;c0000:30000@0.867;c0000:41150@0.600,88,572,{},
82105000,,U,Unapproved screening result,small-floor-probe,0,0,0,0,82105002;82105003,802105000,c0000:30000@0.333;c0000:30000@0.400;c0000:30000@0.433;c0000:30000@0.467;c0000:30000@0.500;c0000:30000@0.533;c0000:30000@0.567;c0000:30000@0.600;c0000:30000@0.633;c0000:30000@0.667;c0000:30000@0.733;c0000:30000@0.767;c0000:30000@0.867;c0000:41150@0.600,88,572,{},
82105010,,U,Unapproved screening result,small-floor-probe,0,0,0,0,82105012;82105013,802105010,c0000:30000@0.333;c0000:30000@0.400;c0000:30000@0.433;c0000:30000@0.467;c0000:30000@0.500;c0000:30000@0.533;c0000:30000@0.567;c0000:30000@0.600;c0000:30000@0.633;c0000:30000@0.667;c0000:30000@0.733;c0000:30000@0.767;c0000:30000@0.867;c0000:41150@0.600,88,572,{},
82105020,,U,Unapproved screening result,small-floor-probe,0,0,0,0,82105022;82105023,802105020,c0000:30000@0.333;c0000:30000@0.400;c0000:30000@0.433;c0000:30000@0.467;c0000:30000@0.500;c0000:30000@0.533;c0000:30000@0.567;c0000:30000@0.600;c0000:30000@0.633;c0000:30000@0.667;c0000:30000@0.733;c0000:30000@0.767;c0000:30000@0.867;c0000:41150@0.600,88,572,{},
82105030,,U,Unapproved screening result,small-floor-probe,0,0,0,0,82105032;82105033,802105030,c0000:30000@0.333;c0000:30000@0.400;c0000:30000@0.433;c0000:30000@0.467;c0000:30000@0.500;c0000:30000@0.533;c0000:30000@0.567;c0000:30000@0.600;c0000:30000@0.633;c0000:30000@0.667;c0000:30000@0.733;c0000:30000@0.767;c0000:30000@0.867;c0000:41150@0.600,88,572,{},
82105040,,U,Unapproved screening result,small-floor-probe,0,0,0,0,82105042;82105043,802105040,c0000:30000@0.333;c0000:30000@0.400;c0000:30000@0.433;c0000:30000@0.467;c0000:30000@0.500;c0000:30000@0.533;c0000:30000@0.567;c0000:30000@0.600;c0000:30000@0.633;c0000:30000@0.667;c0000:30000@0.733;c0000:30000@0.767;c0000:30000@0.867;c0000:41150@0.600,88,572,{},
82105050,,U,Unapproved screening result,small-floor-probe,0,0,0,0,82105052;82105053,802105050,c0000:30000@0.333;c0000:30000@0.400;c0000:30000@0.433;c0000:30000@0.467;c0000:30000@0.500;c0000:30000@0.533;c0000:30000@0.567;c0000:30000@0.600;c0000:30000@0.633;c0000:30000@0.667;c0000:30000@0.733;c0000:30000@0.767;c0000:30000@0.867;c0000:41150@0.600,88,572,{},
82105060,,U,Unapproved screening result,small-floor-probe,0,0,0,0,82105062;82105063,802105060,c0000:30000@0.333;c0000:30000@0.400;c0000:30000@0.433;c0000:30000@0.467;c0000:30000@0.500;c0000:30000@0.533;c0000:30000@0.567;c0000:30000@0.600;c0000:30000@0.633;c0000:30000@0.667;c0000:30000@0.733;c0000:30000@0.767;c0000:30000@0.867;c0000:41150@0.600,88,572,{},
82105070,,U,Unapproved screening result,small-floor-probe,0,0,0,0,82105072;82105073,802105070,c0000:30000@0.333;c0000:30000@0.400;c0000:30000@0.433;c0000:30000@0.467;c0000:30000@0.500;c0000:30000@0.533;c0000:30000@0.567;c0000:30000@0.600;c0000:30000@0.633;c0000:30000@0.667;c0000:30000@0.733;c0000:30000@0.767;c0000:30000@0.867;c0000:41150@0.600,88,572,{},
82105200,,U,Unapproved screening result,small-floor-probe,0,0,0,0,82105202;82105203,802105200,c0000:30000@0.333;c0000:30000@0.400;c0000:30000@0.433;c0000:30000@0.467;c0000:30000@0.500;c0000:30000@0.533;c0000:30000@0.567;c0000:30000@0.600;c0000:30000@0.633;c0000:30000@0.667;c0000:30000@0.733;c0000:30000@0.767;c0000:30000@0.867;c0000:41150@0.600,88,572,{},
82105210,,U,Unapproved screening result,small-floor-probe,0,0,0,0,82105212;82105213,802105210,c0000:30000@0.333;c0000:30000@0.400;c0000:30000@0.433;c0000:30000@0.467;c0000:30000@0.500;c0000:30000@0.533;c0000:30000@0.567;c0000:30000@0.600;c0000:30000@0.633;c0000:30000@0.667;c0000:30000@0.733;c0000:30000@0.767;c0000:30000@0.867;c0000:41150@0.600,88,572,{},
82105220,,U,Unapproved screening result,small-floor-probe,0,0,0,0,82105222;82105223,802105220,c0000:30000@0.333;c0000:30000@0.400;c0000:30000@0.433;c0000:30000@0.467;c0000:30000@0.500;c0000:30000@0.533;c0000:30000@0.567;c0000:30000@0.600;c0000:30000@0.633;c0000:30000@0.667;c0000:30000@0.733;c0000:30000@0.767;c0000:30000@0.867;c0000:41150@0.600,88,572,{},
82105230,,U,Unapproved screening result,small-floor-probe,0,0,0,0,82105232;82105233,802105230,c0000:30000@0.333;c0000:30000@0.400;c0000:30000@0.433;c0000:30000@0.467;c0000:30000@0.500;c0000:30000@0.533;c0000:30000@0.567;c0000:30000@0.600;c0000:30000@0.633;c0000:30000@0.667;c0000:30000@0.733;c0000:30000@0.767;c0000:30000@0.867;c0000:41150@0.600,88,572,{},
82105240,,U,Unapproved screening result,small-floor-probe,0,0,0,0,82105242;82105243,802105240,c0000:30000@0.333;c0000:30000@0.400;c0000:30000@0.433;c0000:30000@0.467;c0000:30000@0.500;c0000:30000@0.533;c0000:30000@0.567;c0000:30000@0.600;c0000:30000@0.633;c0000:30000@0.667;c0000:30000@0.733;c0000:30000@0.767;c0000:30000@0.867;c0000:41150@0.600,88,572,{},
82105250,,U,Unapproved screening result,small-floor-probe,0,0,0,0,82105252;82105253,802105250,c0000:30000@0.333;c0000:30000@0.400;c0000:30000@0.433;c0000:30000@0.467;c0000:30000@0.500;c0000:30000@0.533;c0000:30000@0.567;c0000:30000@0.600;c0000:30000@0.633;c0000:30000@0.667;c0000:30000@0.733;c0000:30000@0.767;c0000:30000@0.867;c0000:41150@0.600,88,572,{},
82105260,,U,Unapproved screening result,small-floor-probe,0,0,0,0,82105262;82105263,802105260,c0000:30000@0.333;c0000:30000@0.400;c0000:30000@0.433;c0000:30000@0.467;c0000:30000@0.500;c0000:30000@0.533;c0000:30000@0.567;c0000:30000@0.600;c0000:30000@0.633;c0000:30000@0.667;c0000:30000@0.733;c0000:30000@0.767;c0000:30000@0.867;c0000:41150@0.600,88,572,{},
82105270,,U,Unapproved screening result,small-floor-probe,0,0,0,0,82105272;82105273,802105270,c0000:30000@0.333;c0000:30000@0.400;c0000:30000@0.433;c0000:30000@0.467;c0000:30000@0.500;c0000:30000@0.533;c0000:30000@0.567;c0000:30000@0.600;c0000:30000@0.633;c0000:30000@0.667;c0000:30000@0.733;c0000:30000@0.767;c0000:30000@0.867;c0000:41150@0.600,88,572,{},
84308100,,U,Unapproved screening result,small-floor-probe,0,0,0,0,84308102;84308103,804308100,c0000:30000@0.333;c0000:30000@0.400;c0000:30000@0.433;c0000:30000@0.467;c0000:30000@0.500;c0000:30000@0.533;c0000:30000@0.567;c0000:30000@0.600;c0000:30000@0.633;c0000:30000@0.667;c0000:30000@0.733;c0000:30000@0.767;c0000:30000@0.867;c0000:41150@0.600,88,572,{},
84308110,,U,Unapproved screening result,small-floor-probe,0,0,0,0,84308112;84308113,804308110,c0000:30000@0.333;c0000:30000@0.400;c0000:30000@0.433;c0000:30000@0.467;c0000:30000@0.500;c0000:30000@0.533;c0000:30000@0.567;c0000:30000@0.600;c0000:30000@0.633;c0000:30000@0.667;c0000:30000@0.733;c0000:30000@0.767;c0000:30000@0.867;c0000:41150@0.600,88,572,{},
84308120,,U,Unapproved screening result,small-floor-probe,0,0,0,0,84308122;84308123,804308120,c0000:30000@0.333;c0000:30000@0.400;c0000:30000@0.433;c0000:30000@0.467;c0000:30000@0.500;c0000:30000@0.533;c0000:30000@0.567;c0000:30000@0.600;c0000:30000@0.633;c0000:30000@0.667;c0000:30000@0.733;c0000:30000@0.767;c0000:30000@0.867;c0000:41150@0.600,88,572,{},
84308130,,U,Unapproved screening result,small-floor-probe,0,0,0,0,84308132;84308133,804308130,c0000:30000@0.333;c0000:30000@0.400;c0000:30000@0.433;c0000:30000@0.467;c0000:30000@0.500;c0000:30000@0.533;c0000:30000@0.567;c0000:30000@0.600;c0000:30000@0.633;c0000:30000@0.667;c0000:30000@0.733;c0000:30000@0.767;c0000:30000@0.867;c0000:41150@0.600,88,572,{},
84308140,,U,Unapproved screening result,small-floor-probe,0,0,0,0,84308142;84308143;84308152,804308140;804308150,c0000:30000@0.333;c0000:30000@0.400;c0000:30000@0.433;c0000:30000@0.467;c0000:30000@0.500;c0000:30000@0.533;c0000:30000@0.567;c0000:30000@0.600;c0000:30000@0.633;c0000:30000@0.667;c0000:30000@0.733;c0000:30000@0.767;c0000:30000@0.867;c0000:41150@0.600,88,572,{},
84308150,,U,Unapproved screening result,small-floor-probe,0,0,0,0,84308153,804308150,c0000:30000@0.333;c0000:30000@0.400;c0000:30000@0.433;c0000:30000@0.467;c0000:30000@0.500;c0000:30000@0.533;c0000:30000@0.567;c0000:30000@0.600;c0000:30000@0.633;c0000:30000@0.667;c0000:30000@0.733;c0000:30000@0.767;c0000:30000@0.867;c0000:41150@0.600,88,572,{},
84308160,,U,Unapproved screening result,small-floor-probe,0,0,0,0,84308162;84308163,804308160,c0000:30000@0.333;c0000:30000@0.400;c0000:30000@0.433;c0000:30000@0.467;c0000:30000@0.500;c0000:30000@0.533;c0000:30000@0.567;c0000:30000@0.600;c0000:30000@0.633;c0000:30000@0.667;c0000:30000@0.733;c0000:30000@0.767;c0000:30000@0.867;c0000:41150@0.600,88,572,{},
84308170,,U,Unapproved screening result,small-floor-probe,0,0,0,0,84308172;84308173,804308170,c0000:30000@0.333;c0000:30000@0.400;c0000:30000@0.433;c0000:30000@0.467;c0000:30000@0.500;c0000:30000@0.533;c0000:30000@0.567;c0000:30000@0.600;c0000:30000@0.633;c0000:30000@0.667;c0000:30000@0.733;c0000:30000@0.767;c0000:30000@0.867;c0000:41150@0.600,88,572,{},
84318100,,U,Unapproved screening result,small-floor-probe,0,0,0,0,84318102;84318103,804318100,c0000:30000@0.333;c0000:30000@0.400;c0000:30000@0.433;c0000:30000@0.467;c0000:30000@0.500;c0000:30000@0.533;c0000:30000@0.567;c0000:30000@0.600;c0000:30000@0.633;c0000:30000@0.667;c0000:30000@0.733;c0000:30000@0.767;c0000:30000@0.867;c0000:41150@0.600,88,572,{},
84318110,,U,Unapproved screening result,small-floor-probe,0,0,0,0,84318112;84318113,804318110,c0000:30000@0.333;c0000:30000@0.400;c0000:30000@0.433;c0000:30000@0.467;c0000:30000@0.500;c0000:30000@0.533;c0000:30000@0.567;c0000:30000@0.600;c0000:30000@0.633;c0000:30000@0.667;c0000:30000@0.733;c0000:30000@0.767;c0000:30000@0.867;c0000:41150@0.600,88,572,{},
84318120,,U,Unapproved screening result,small-floor-probe,0,0,0,0,84318122;84318123,804318120,c0000:30000@0.333;c0000:30000@0.400;c0000:30000@0.433;c0000:30000@0.467;c0000:30000@0.500;c0000:30000@0.533;c0000:30000@0.567;c0000:30000@0.600;c0000:30000@0.633;c0000:30000@0.667;c0000:30000@0.733;c0000:30000@0.767;c0000:30000@0.867;c0000:41150@0.600,88,572,{},
84318130,,U,Unapproved screening result,small-floor-probe,0,0,0,0,84318132;84318133,804318130,c0000:30000@0.333;c0000:30000@0.400;c0000:30000@0.433;c0000:30000@0.467;c0000:30000@0.500;c0000:30000@0.533;c0000:30000@0.567;c0000:30000@0.600;c0000:30000@0.633;c0000:30000@0.667;c0000:30000@0.733;c0000:30000@0.767;c0000:30000@0.867;c0000:41150@0.600,88,572,{},
84318140,,U,Unapproved screening result,small-floor-probe,0,0,0,0,84318142;84318143;84318152,804318140;804318150,c0000:30000@0.333;c0000:30000@0.400;c0000:30000@0.433;c0000:30000@0.467;c0000:30000@0.500;c0000:30000@0.533;c0000:30000@0.567;c0000:30000@0.600;c0000:30000@0.633;c0000:30000@0.667;c0000:30000@0.733;c0000:30000@0.767;c0000:30000@0.867;c0000:41150@0.600,88,572,{},
84318150,,U,Unapproved screening result,small-floor-probe,0,0,0,0,84318153,804318150,c0000:30000@0.333;c0000:30000@0.400;c0000:30000@0.433;c0000:30000@0.467;c0000:30000@0.500;c0000:30000@0.533;c0000:30000@0.567;c0000:30000@0.600;c0000:30000@0.633;c0000:30000@0.667;c0000:30000@0.733;c0000:30000@0.767;c0000:30000@0.867;c0000:41150@0.600,88,572,{},
84318160,,U,Unapproved screening result,small-floor-probe,0,0,0,0,84318162;84318163,804318160,c0000:30000@0.333;c0000:30000@0.400;c0000:30000@0.433;c0000:30000@0.467;c0000:30000@0.500;c0000:30000@0.533;c0000:30000@0.567;c0000:30000@0.600;c0000:30000@0.633;c0000:30000@0.667;c0000:30000@0.733;c0000:30000@0.767;c0000:30000@0.867;c0000:41150@0.600,88,572,{},
84318170,,U,Unapproved screening result,small-floor-probe,0,0,0,0,84318172;84318173,804318170,c0000:30000@0.333;c0000:30000@0.400;c0000:30000@0.433;c0000:30000@0.467;c0000:30000@0.500;c0000:30000@0.533;c0000:30000@0.567;c0000:30000@0.600;c0000:30000@0.633;c0000:30000@0.667;c0000:30000@0.733;c0000:30000@0.767;c0000:30000@0.867;c0000:41150@0.600,88,572,{},
84508000,,U,Unapproved screening result,small-floor-probe,0,0,0,0,84508002;84508003,804508000,c0000:30000@0.333;c0000:30000@0.400;c0000:30000@0.433;c0000:30000@0.467;c0000:30000@0.500;c0000:30000@0.533;c0000:30000@0.567;c0000:30000@0.600;c0000:30000@0.633;c0000:30000@0.667;c0000:30000@0.733;c0000:30000@0.767;c0000:30000@0.867;c0000:41150@0.600,88,572,{},
84508010,,U,Unapproved screening result,small-floor-probe,0,0,0,0,84508012;84508013,804508010,c0000:30000@0.333;c0000:30000@0.400;c0000:30000@0.433;c0000:30000@0.467;c0000:30000@0.500;c0000:30000@0.533;c0000:30000@0.567;c0000:30000@0.600;c0000:30000@0.633;c0000:30000@0.667;c0000:30000@0.733;c0000:30000@0.767;c0000:30000@0.867;c0000:41150@0.600,88,572,{},
84508020,,U,Unapproved screening result,small-floor-probe,0,0,0,0,84508022;84508023,804508020,c0000:30000@0.333;c0000:30000@0.400;c0000:30000@0.433;c0000:30000@0.467;c0000:30000@0.500;c0000:30000@0.533;c0000:30000@0.567;c0000:30000@0.600;c0000:30000@0.633;c0000:30000@0.667;c0000:30000@0.733;c0000:30000@0.767;c0000:30000@0.867;c0000:41150@0.600,88,572,{},
84508030,,U,Unapproved screening result,small-floor-probe,0,0,0,0,84508032;84508033,804508030,c0000:30000@0.333;c0000:30000@0.400;c0000:30000@0.433;c0000:30000@0.467;c0000:30000@0.500;c0000:30000@0.533;c0000:30000@0.567;c0000:30000@0.600;c0000:30000@0.633;c0000:30000@0.667;c0000:30000@0.733;c0000:30000@0.767;c0000:30000@0.867;c0000:41150@0.600,88,572,{},
84508040,,U,Unapproved screening result,small-floor-probe,0,0,0,0,84508042;84508043,804508040,c0000:30000@0.333;c0000:30000@0.400;c0000:30000@0.433;c0000:30000@0.467;c0000:30000@0.500;c0000:30000@0.533;c0000:30000@0.567;c0000:30000@0.600;c0000:30000@0.633;c0000:30000@0.667;c0000:30000@0.733;c0000:30000@0.767;c0000:30000@0.867;c0000:41150@0.600,88,572,{},
84508050,,U,Unapproved screening result,small-floor-probe,0,0,0,0,84508052;84508053,804508050,c0000:30000@0.333;c0000:30000@0.400;c0000:30000@0.433;c0000:30000@0.467;c0000:30000@0.500;c0000:30000@0.533;c0000:30000@0.567;c0000:30000@0.600;c0000:30000@0.633;c0000:30000@0.667;c0000:30000@0.733;c0000:30000@0.767;c0000:30000@0.867;c0000:41150@0.600,88,572,{},
84508060,,U,Unapproved screening result,small-floor-probe,0,0,0,0,84508062;84508063,804508060,c0000:30000@0.333;c0000:30000@0.400;c0000:30000@0.433;c0000:30000@0.467;c0000:30000@0.500;c0000:30000@0.533;c0000:30000@0.567;c0000:30000@0.600;c0000:30000@0.633;c0000:30000@0.667;c0000:30000@0.733;c0000:30000@0.767;c0000:30000@0.867;c0000:41150@0.600,88,572,{},
84508070,,U,Unapproved screening result,small-floor-probe,0,0,0,0,84508072;84508073,804508070,c0000:30000@0.333;c0000:30000@0.400;c0000:30000@0.433;c0000:30000@0.467;c0000:30000@0.500;c0000:30000@0.533;c0000:30000@0.567;c0000:30000@0.600;c0000:30000@0.633;c0000:30000@0.667;c0000:30000@0.733;c0000:30000@0.767;c0000:30000@0.867;c0000:41150@0.600,88,572,{},
